2025-12-29 09:44:33.987 INFO  [N/A] [main] c.m.backend.BusiMonitorApplication - Starting BusiMonitorApplication using Java 17.0.17 with PID 5641 (/Users/yux/Documents/WorkSpace/busi-monitor/backend/target/classes started by yux in /Users/yux/Documents/WorkSpace/busi-monitor/backend)
2025-12-29 09:44:33.988 DEBUG [N/A] [main] c.m.backend.BusiMonitorApplication - Running with Spring Boot v3.2.1, Spring v6.1.2
2025-12-29 09:44:33.989 INFO  [N/A] [main] c.m.backend.BusiMonitorApplication - The following 1 profile is active: "dev"
2025-12-29 09:44:34.285 INFO  [N/A] [main] o.s.b.c.c.annotation.BatchRegistrar - Finished Spring Batch infrastructure beans configuration in 2 ms.
2025-12-29 09:44:34.441 INFO  [N/A] [main] o.s.d.r.c.RepositoryConfigurationDelegate - Multiple Spring Data modules found, entering strict repository configuration mode
2025-12-29 09:44:34.442 INFO  [N/A] [main] o.s.d.r.c.RepositoryConfigurationDelegate - Bootstrapping Spring Data Redis repositories in DEFAULT mode.
2025-12-29 09:44:34.460 INFO  [N/A] [main] o.s.d.r.c.RepositoryConfigurationDelegate - Finished Spring Data repository scanning in 11 ms. Found 0 Redis repository interfaces.
2025-12-29 09:44:34.631 WARN  [N/A] [main] o.s.c.s.PostProcessorRegistrationDelegate$BeanPostProcessorChecker - Bean 'jobRegistry' of type [org.springframework.batch.core.configuration.support.MapJobRegistry] is not eligible for getting processed by all BeanPostProcessors (for example: not eligible for auto-proxying). Is this bean getting eagerly injected into a currently created BeanPostProcessor [jobRegistryBeanPostProcessor]? Check the corresponding BeanPostProcessor declaration and its dependencies.
2025-12-29 09:44:34.808 INFO  [N/A] [main] o.s.b.w.e.tomcat.TomcatWebServer - Tomcat initialized with port 8080 (http)
2025-12-29 09:44:34.816 INFO  [N/A] [main] o.a.catalina.core.StandardService - Starting service [Tomcat]
2025-12-29 09:44:34.817 INFO  [N/A] [main] o.a.catalina.core.StandardEngine - Starting Servlet engine: [Apache Tomcat/10.1.17]
2025-12-29 09:44:34.867 INFO  [N/A] [main] o.a.c.c.C.[Tomcat].[localhost].[/] - Initializing Spring embedded WebApplicationContext
2025-12-29 09:44:34.868 INFO  [N/A] [main] o.s.b.w.s.c.ServletWebServerApplicationContext - Root WebApplicationContext: initialization completed in 857 ms
2025-12-29 09:44:34.909 DEBUG [N/A] [main] c.m.b.config.JwtAuthenticationFilter - Filter 'jwtAuthenticationFilter' configured for use
2025-12-29 09:44:34.909 DEBUG [N/A] [main] c.m.backend.filter.TraceIdFilter - Filter 'traceIdFilter' configured for use
2025-12-29 09:44:35.169 INFO  [N/A] [main] com.zaxxer.hikari.HikariDataSource - HikariPool-1 - Starting...
2025-12-29 09:44:35.297 INFO  [N/A] [main] com.zaxxer.hikari.pool.HikariPool - HikariPool-1 - Added connection com.mysql.cj.jdbc.ConnectionImpl@407f2029
2025-12-29 09:44:35.298 INFO  [N/A] [main] com.zaxxer.hikari.HikariDataSource - HikariPool-1 - Start completed.
2025-12-29 09:44:35.443 INFO  [N/A] [main] o.s.b.c.r.s.JobRepositoryFactoryBean - No database type set, using meta data indicating: MYSQL
2025-12-29 09:44:35.602 INFO  [N/A] [main] c.m.b.s.IntermediateStorageService - 中间缓存服务初始化完成，当前策略: FILE
2025-12-29 09:44:35.635 INFO  [N/A] [main] o.s.b.c.l.support.SimpleJobLauncher - No TaskExecutor has been set, defaulting to synchronous executor.
2025-12-29 09:44:35.652 WARN  [N/A] [main] o.s.b.c.l.AbstractListenerFactoryBean - org.springframework.batch.item.ItemReader is an interface. The implementing class will not be queried for annotation based listener configurations. If using @StepScope on a @Bean method, be sure to return the implementing class so listener annotations can be used.
2025-12-29 09:44:35.653 WARN  [N/A] [main] o.s.b.c.l.AbstractListenerFactoryBean - org.springframework.batch.item.ItemWriter is an interface. The implementing class will not be queried for annotation based listener configurations. If using @StepScope on a @Bean method, be sure to return the implementing class so listener annotations can be used.
2025-12-29 09:44:35.660 INFO  [N/A] [main] o.s.b.c.c.a.BatchObservabilityBeanPostProcessor - No Micrometer observation registry found, defaulting to ObservationRegistry.NOOP
2025-12-29 09:44:35.664 INFO  [N/A] [main] o.s.b.c.c.a.BatchObservabilityBeanPostProcessor - No Micrometer observation registry found, defaulting to ObservationRegistry.NOOP
2025-12-29 09:44:35.667 INFO  [N/A] [main] o.s.b.c.c.a.BatchObservabilityBeanPostProcessor - No Micrometer observation registry found, defaulting to ObservationRegistry.NOOP
2025-12-29 09:44:35.669 WARN  [N/A] [main] o.s.b.c.l.AbstractListenerFactoryBean - org.springframework.batch.item.ItemReader is an interface. The implementing class will not be queried for annotation based listener configurations. If using @StepScope on a @Bean method, be sure to return the implementing class so listener annotations can be used.
2025-12-29 09:44:35.669 WARN  [N/A] [main] o.s.b.c.l.AbstractListenerFactoryBean - org.springframework.batch.item.ItemWriter is an interface. The implementing class will not be queried for annotation based listener configurations. If using @StepScope on a @Bean method, be sure to return the implementing class so listener annotations can be used.
2025-12-29 09:44:35.669 WARN  [N/A] [main] o.s.b.c.l.AbstractListenerFactoryBean - org.springframework.batch.item.ItemProcessor is an interface. The implementing class will not be queried for annotation based listener configurations. If using @StepScope on a @Bean method, be sure to return the implementing class so listener annotations can be used.
2025-12-29 09:44:35.669 INFO  [N/A] [main] o.s.b.c.c.a.BatchObservabilityBeanPostProcessor - No Micrometer observation registry found, defaulting to ObservationRegistry.NOOP
2025-12-29 09:44:35.670 INFO  [N/A] [main] o.s.b.c.c.a.BatchObservabilityBeanPostProcessor - No Micrometer observation registry found, defaulting to ObservationRegistry.NOOP
2025-12-29 09:44:35.695 DEBUG [N/A] [main] c.m.b.m.S.findAllActive - ==>  Preparing: SELECT id, name, server_id, template_id, collect_script, params, threshold_rule, cron_expression, alarm_channels, alarm_template_id, is_active, last_run_time, last_run_status, last_run_value, create_time, update_time FROM server_monitor_task WHERE is_active = 1
2025-12-29 09:44:35.704 DEBUG [N/A] [main] c.m.b.m.S.findAllActive - ==> Parameters: 
2025-12-29 09:44:35.720 DEBUG [N/A] [main] c.m.b.m.S.findAllActive - <==      Total: 4
2025-12-29 09:44:35.723 INFO  [N/A] [main] c.m.b.s.ServerMonitorTaskScheduler - 调度服务器监控任务: 磁盘使用率 (Cron: 0 */5 * * * ?)
2025-12-29 09:44:35.723 INFO  [N/A] [main] c.m.b.s.ServerMonitorTaskScheduler - 调度服务器监控任务: 内存使用率 (Cron: 0 */5 * * * ?)
2025-12-29 09:44:35.723 INFO  [N/A] [main] c.m.b.s.ServerMonitorTaskScheduler - 调度服务器监控任务: 网络连通性 (Cron: 0 */5 * * * ?)
2025-12-29 09:44:35.723 INFO  [N/A] [main] c.m.b.s.ServerMonitorTaskScheduler - 调度服务器监控任务: 内存使用率 (Cron: 0 */5 * * * ?)
2025-12-29 09:44:35.723 INFO  [N/A] [main] c.m.b.s.ServerMonitorTaskScheduler - 初始化服务器监控任务调度器，共 4 个活跃任务
2025-12-29 09:44:35.726 DEBUG [N/A] [main] c.m.b.m.M.findAllActive - ==>  Preparing: SELECT id, name, datasource_id, sql_script, cron_expression, is_active, result_type, alarm_threshold_rule, chart_config, is_store_data, create_time, update_time FROM monitor_task WHERE is_active = 1
2025-12-29 09:44:35.726 DEBUG [N/A] [main] c.m.b.m.M.findAllActive - ==> Parameters: 
2025-12-29 09:44:35.729 DEBUG [N/A] [main] c.m.b.m.M.findAllActive - <==      Total: 2
2025-12-29 09:44:35.730 INFO  [N/A] [main] c.m.b.service.TaskMonitoringService - Scheduled task: 产品订购量统计 (Cron: 0 0 8 * * ?)
2025-12-29 09:44:35.730 INFO  [N/A] [main] c.m.b.service.TaskMonitoringService - Scheduled task: 订购统计 (Cron: 0 0 * * * ?)
2025-12-29 09:44:35.730 INFO  [N/A] [main] c.m.b.service.TaskMonitoringService - Initialized 2 monitoring tasks.
2025-12-29 09:44:35.811 WARN  [N/A] [main] o.s.b.a.s.s.UserDetailsServiceAutoConfiguration - 

Using generated security password: b95e9235-20ca-4071-a004-b757af166aba

This generated password is for development use only. Your security configuration must be updated before running your application in production.

2025-12-29 09:44:35.878 DEBUG [N/A] [main] o.s.w.s.s.s.WebSocketHandlerMapping - Patterns [/api/ws/**] in 'stompWebSocketHandlerMapping'
2025-12-29 09:44:35.938 DEBUG [N/A] [main] o.s.w.s.m.m.a.RequestMappingHandlerMapping - 109 mappings in 'requestMappingHandlerMapping'
2025-12-29 09:44:35.956 DEBUG [N/A] [main] o.s.w.s.h.SimpleUrlHandlerMapping - Patterns [/webjars/**, /**, /swagger-ui*/*swagger-initializer.js, /swagger-ui*/**] in 'resourceHandlerMapping'
2025-12-29 09:44:35.980 INFO  [N/A] [main] o.s.s.web.DefaultSecurityFilterChain - Will secure any request with [org.springframework.security.web.session.DisableEncodeUrlFilter@386f88b3, org.springframework.security.web.context.request.async.WebAsyncManagerIntegrationFilter@662e5590, org.springframework.security.web.context.SecurityContextHolderFilter@2ad6aeb8, org.springframework.security.web.header.HeaderWriterFilter@25e24908, org.springframework.web.filter.CorsFilter@1885905b, org.springframework.security.web.authentication.logout.LogoutFilter@64a4739, com.monitor.backend.config.JwtAuthenticationFilter@2a5abd3c, org.springframework.security.web.savedrequest.RequestCacheAwareFilter@7772ec28, org.springframework.security.web.servletapi.SecurityContextHolderAwareRequestFilter@14d513ca, org.springframework.security.web.authentication.AnonymousAuthenticationFilter@23e573e, org.springframework.security.web.session.SessionManagementFilter@6130a6f5, org.springframework.security.web.access.ExceptionTranslationFilter@4930213b, org.springframework.security.web.access.intercept.AuthorizationFilter@7e741d6b]
2025-12-29 09:44:36.015 DEBUG [N/A] [main] o.s.w.s.m.WebSocketAnnotationMethodMessageHandler - 
	c.m.b.c.AlarmController:
	
2025-12-29 09:44:36.016 DEBUG [N/A] [main] o.s.w.s.m.WebSocketAnnotationMethodMessageHandler - 
	c.m.b.c.AuthController:
	
2025-12-29 09:44:36.016 DEBUG [N/A] [main] o.s.w.s.m.WebSocketAnnotationMethodMessageHandler - 
	c.m.b.c.BatchMonitorController:
	
2025-12-29 09:44:36.016 DEBUG [N/A] [main] o.s.w.s.m.WebSocketAnnotationMethodMessageHandler - 
	c.m.b.c.DashboardController:
	
2025-12-29 09:44:36.016 DEBUG [N/A] [main] o.s.w.s.m.WebSocketAnnotationMethodMessageHandler - 
	c.m.b.c.DataSourceController:
	
2025-12-29 09:44:36.016 DEBUG [N/A] [main] o.s.w.s.m.WebSocketAnnotationMethodMessageHandler - 
	c.m.b.c.MonitorTemplateController:
	
2025-12-29 09:44:36.016 DEBUG [N/A] [main] o.s.w.s.m.WebSocketAnnotationMethodMessageHandler - 
	c.m.b.c.ServerAssetController:
	
2025-12-29 09:44:36.016 DEBUG [N/A] [main] o.s.w.s.m.WebSocketAnnotationMethodMessageHandler - 
	c.m.b.c.ServerGroupController:
	
2025-12-29 09:44:36.016 DEBUG [N/A] [main] o.s.w.s.m.WebSocketAnnotationMethodMessageHandler - 
	c.m.b.c.ServerMonitorTaskController:
	
2025-12-29 09:44:36.016 DEBUG [N/A] [main] o.s.w.s.m.WebSocketAnnotationMethodMessageHandler - 
	c.m.b.c.StatsController:
	
2025-12-29 09:44:36.016 DEBUG [N/A] [main] o.s.w.s.m.WebSocketAnnotationMethodMessageHandler - 
	c.m.b.c.TaskController:
	
2025-12-29 09:44:36.017 DEBUG [N/A] [main] o.s.w.s.m.WebSocketAnnotationMethodMessageHandler - 
	c.m.b.c.UserController:
	
2025-12-29 09:44:36.017 DEBUG [N/A] [main] o.s.w.s.m.WebSocketAnnotationMethodMessageHandler - 
	c.m.b.c.WorkflowController:
	
2025-12-29 09:44:36.017 DEBUG [N/A] [main] o.s.w.s.m.WebSocketAnnotationMethodMessageHandler - 
	o.s.b.a.w.s.e.BasicErrorController:
	
2025-12-29 09:44:36.017 DEBUG [N/A] [main] o.s.w.s.m.WebSocketAnnotationMethodMessageHandler - 
	o.s.w.a.OpenApiWebMvcResource:
	
2025-12-29 09:44:36.018 DEBUG [N/A] [main] o.s.w.s.m.WebSocketAnnotationMethodMessageHandler - 
	o.s.w.u.SwaggerWelcomeWebMvc:
	
2025-12-29 09:44:36.018 DEBUG [N/A] [main] o.s.w.s.m.WebSocketAnnotationMethodMessageHandler - 
	o.s.w.u.SwaggerConfigResource:
	
2025-12-29 09:44:36.048 DEBUG [N/A] [main] o.s.w.s.m.m.a.RequestMappingHandlerAdapter - ControllerAdvice beans: 0 @ModelAttribute, 0 @InitBinder, 1 RequestBodyAdvice, 1 ResponseBodyAdvice
2025-12-29 09:44:36.066 DEBUG [N/A] [main] o.s.w.s.m.m.a.ExceptionHandlerExceptionResolver - ControllerAdvice beans: 2 @ExceptionHandler, 1 ResponseBodyAdvice
2025-12-29 09:44:36.279 INFO  [N/A] [main] org.quartz.impl.StdSchedulerFactory - Using default implementation for ThreadExecutor
2025-12-29 09:44:36.284 INFO  [N/A] [main] o.quartz.core.SchedulerSignalerImpl - Initialized Scheduler Signaller of type: class org.quartz.core.SchedulerSignalerImpl
2025-12-29 09:44:36.284 INFO  [N/A] [main] org.quartz.core.QuartzScheduler - Quartz Scheduler v.2.3.2 created.
2025-12-29 09:44:36.284 INFO  [N/A] [main] org.quartz.simpl.RAMJobStore - RAMJobStore initialized.
2025-12-29 09:44:36.285 INFO  [N/A] [main] org.quartz.core.QuartzScheduler - Scheduler meta-data: Quartz Scheduler (v2.3.2) 'quartzScheduler' with instanceId 'NON_CLUSTERED'
  Scheduler class: 'org.quartz.core.QuartzScheduler' - running locally.
  NOT STARTED.
  Currently in standby mode.
  Number of jobs executed: 0
  Using thread pool 'org.quartz.simpl.SimpleThreadPool' - with 10 threads.
  Using job-store 'org.quartz.simpl.RAMJobStore' - which does not support persistence. and is not clustered.

2025-12-29 09:44:36.285 INFO  [N/A] [main] org.quartz.impl.StdSchedulerFactory - Quartz scheduler 'quartzScheduler' initialized from an externally provided properties instance.
2025-12-29 09:44:36.285 INFO  [N/A] [main] org.quartz.impl.StdSchedulerFactory - Quartz scheduler version: 2.3.2
2025-12-29 09:44:36.285 INFO  [N/A] [main] org.quartz.core.QuartzScheduler - JobFactory set to: org.springframework.scheduling.quartz.SpringBeanJobFactory@2eed6331
2025-12-29 09:44:36.307 INFO  [N/A] [main] o.s.b.w.e.tomcat.TomcatWebServer - Tomcat started on port 8080 (http) with context path ''
2025-12-29 09:44:36.307 DEBUG [N/A] [main] org.springframework.web.SimpLogging - clientOutboundChannel added SubProtocolWebSocketHandler[StompSubProtocolHandler[v10.stomp, v11.stomp, v12.stomp]]
2025-12-29 09:44:36.308 DEBUG [N/A] [main] org.springframework.web.SimpLogging - clientInboundChannel added WebSocketAnnotationMethodMessageHandler[prefixes=[/app/]]
2025-12-29 09:44:36.308 INFO  [N/A] [main] o.s.m.s.b.SimpleBrokerMessageHandler - Starting...
2025-12-29 09:44:36.308 DEBUG [N/A] [main] org.springframework.web.SimpLogging - clientInboundChannel added SimpleBrokerMessageHandler [org.springframework.messaging.simp.broker.DefaultSubscriptionRegistry@1267f832]
2025-12-29 09:44:36.308 DEBUG [N/A] [main] org.springframework.web.SimpLogging - brokerChannel added SimpleBrokerMessageHandler [org.springframework.messaging.simp.broker.DefaultSubscriptionRegistry@1267f832]
2025-12-29 09:44:36.308 INFO  [N/A] [main] o.s.m.s.b.SimpleBrokerMessageHandler - BrokerAvailabilityEvent[available=true, SimpleBrokerMessageHandler [org.springframework.messaging.simp.broker.DefaultSubscriptionRegistry@1267f832]]
2025-12-29 09:44:36.308 INFO  [N/A] [main] o.s.m.s.b.SimpleBrokerMessageHandler - Started.
2025-12-29 09:44:36.308 DEBUG [N/A] [main] org.springframework.web.SimpLogging - clientInboundChannel added UserDestinationMessageHandler[DefaultUserDestinationResolver[prefix=/user/]]
2025-12-29 09:44:36.308 DEBUG [N/A] [main] org.springframework.web.SimpLogging - brokerChannel added UserDestinationMessageHandler[DefaultUserDestinationResolver[prefix=/user/]]
2025-12-29 09:44:36.308 INFO  [N/A] [main] o.s.s.quartz.SchedulerFactoryBean - Starting Quartz Scheduler now
2025-12-29 09:44:36.308 INFO  [N/A] [main] org.quartz.core.QuartzScheduler - Scheduler quartzScheduler_$_NON_CLUSTERED started.
2025-12-29 09:44:36.316 INFO  [N/A] [main] c.m.backend.BusiMonitorApplication - Started BusiMonitorApplication in 2.555 seconds (process running for 2.712)
2025-12-29 09:44:36.320 DEBUG [N/A] [MessageBroker-1] c.m.b.m.A.findNeedEscalation - ==>  Preparing: SELECT id, task_id, task_type, trigger_type, trigger_value, threshold_value, first_trigger_time, last_trigger_time, trigger_count, status, level, acknowledge_by, acknowledge_time, resolve_time, suppressed_until, message, create_time, update_time FROM alarm_active WHERE status = 'FIRING' AND TIMESTAMPDIFF(MINUTE, first_trigger_time, NOW()) >= ? ORDER BY first_trigger_time ASC
2025-12-29 09:44:36.320 DEBUG [N/A] [MessageBroker-1] c.m.b.m.A.findNeedEscalation - ==> Parameters: 30(Integer)
2025-12-29 09:44:36.326 DEBUG [N/A] [MessageBroker-1] c.m.b.m.A.findNeedEscalation - <==      Total: 1
2025-12-29 09:44:36.326 DEBUG [N/A] [MessageBroker-1] c.m.b.m.AlarmActiveMapper.update - ==>  Preparing: UPDATE alarm_active SET trigger_value = ?, threshold_value = ?, last_trigger_time = ?, trigger_count = ?, status = ?, level = ?, acknowledge_by = ?, acknowledge_time = ?, resolve_time = ?, suppressed_until = ?, message = ?, update_time = NOW() WHERE id = ?
2025-12-29 09:44:36.327 DEBUG [N/A] [MessageBroker-1] c.m.b.m.AlarmActiveMapper.update - ==> Parameters: 54.0(Double), 50.0(Double), 2025-12-28T11:00(LocalDateTime), 4(Integer), FIRING(String), CRITICAL(String), null, null, null, null, > 服务名：**磁盘使用率 [本机测试]**
> IP：**127.0.0.1**
> 内容：磁盘${path}使用率54.00%，超过阈值***50.00%***(String), 9(Long)
2025-12-29 09:44:36.330 DEBUG [N/A] [MessageBroker-2] c.m.b.s.PerformanceMetricsService - Job workflowDataExtractionJob 当前运行数: 0
2025-12-29 09:44:36.334 DEBUG [N/A] [MessageBroker-1] c.m.b.m.AlarmActiveMapper.update - <==    Updates: 1
2025-12-29 09:44:36.335 WARN  [N/A] [MessageBroker-1] c.monitor.backend.alarm.AlarmService - 告警已升级: id=9, newLevel=CRITICAL
2025-12-29 09:44:36.359 DEBUG [N/A] [MessageBroker-1] org.springframework.web.SimpLogging - Processing MESSAGE destination=/topic/alarm session=null payload={"type":"FIRING","id":9,"taskId":3,"taskType":"SERVER_MONITOR","level":"CRITICAL...(truncated)
2025-12-29 09:44:36.360 INFO  [N/A] [MessageBroker-1] c.m.b.alarm.AlarmWebSocketService - 告警广播成功: alarmId=9, level=CRITICAL
2025-12-29 09:44:52.904 INFO  [N/A] [http-nio-8080-exec-2] o.a.c.c.C.[Tomcat].[localhost].[/] - Initializing Spring DispatcherServlet 'dispatcherServlet'
2025-12-29 09:44:52.905 INFO  [N/A] [http-nio-8080-exec-2] o.s.web.servlet.DispatcherServlet - Initializing Servlet 'dispatcherServlet'
2025-12-29 09:44:52.905 DEBUG [N/A] [http-nio-8080-exec-2] o.s.web.servlet.DispatcherServlet - Detected StandardServletMultipartResolver
2025-12-29 09:44:52.905 DEBUG [N/A] [http-nio-8080-exec-2] o.s.web.servlet.DispatcherServlet - Detected AcceptHeaderLocaleResolver
2025-12-29 09:44:52.905 DEBUG [N/A] [http-nio-8080-exec-2] o.s.web.servlet.DispatcherServlet - Detected FixedThemeResolver
2025-12-29 09:44:52.913 DEBUG [N/A] [http-nio-8080-exec-2] o.s.web.servlet.DispatcherServlet - Detected org.springframework.web.servlet.view.DefaultRequestToViewNameTranslator@5ee95d42
2025-12-29 09:44:52.914 DEBUG [N/A] [http-nio-8080-exec-2] o.s.web.servlet.DispatcherServlet - Detected org.springframework.web.servlet.support.SessionFlashMapManager@75566f4
2025-12-29 09:44:52.914 DEBUG [N/A] [http-nio-8080-exec-2] o.s.web.servlet.DispatcherServlet - enableLoggingRequestDetails='false': request parameters and headers will be masked to prevent unsafe logging of potentially sensitive data
2025-12-29 09:44:52.914 INFO  [N/A] [http-nio-8080-exec-2] o.s.web.servlet.DispatcherServlet - Completed initialization in 9 ms
2025-12-29 09:44:52.959 DEBUG [854627b5cc3046e2] [http-nio-8080-exec-2] o.s.web.servlet.DispatcherServlet - GET "/api/ws/info?t=1766972692863", parameters={masked}
2025-12-29 09:44:52.966 DEBUG [854627b5cc3046e2] [http-nio-8080-exec-2] o.s.w.s.s.s.WebSocketHandlerMapping - Mapped to org.springframework.web.socket.sockjs.support.SockJsHttpRequestHandler@1fab0394
2025-12-29 09:44:52.968 DEBUG [854627b5cc3046e2] [http-nio-8080-exec-2] o.s.w.s.s.t.h.DefaultSockJsService - Processing transport request: GET http://localhost:8080/api/ws/info?t=1766972692863
2025-12-29 09:44:52.971 DEBUG [854627b5cc3046e2] [http-nio-8080-exec-2] o.s.web.servlet.DispatcherServlet - Completed 200 OK
2025-12-29 09:44:52.985 DEBUG [63aba2edb304484f] [http-nio-8080-exec-3] o.s.web.servlet.DispatcherServlet - GET "/api/ws/351/uhkueqkb/websocket", parameters={}
2025-12-29 09:44:52.986 DEBUG [63aba2edb304484f] [http-nio-8080-exec-3] o.s.w.s.s.s.WebSocketHandlerMapping - Mapped to org.springframework.web.socket.sockjs.support.SockJsHttpRequestHandler@1fab0394
2025-12-29 09:44:52.987 DEBUG [63aba2edb304484f] [http-nio-8080-exec-3] o.s.w.s.s.t.h.DefaultSockJsService - Processing transport request: GET http://localhost:8080/api/ws/351/uhkueqkb/websocket
2025-12-29 09:44:53.011 DEBUG [63aba2edb304484f] [http-nio-8080-exec-3] o.s.web.servlet.DispatcherServlet - Completed 101 SWITCHING_PROTOCOLS
2025-12-29 09:44:53.018 DEBUG [N/A] [http-nio-8080-exec-3] o.s.w.s.h.LoggingWebSocketHandlerDecorator - New WebSocketServerSockJsSession[id=uhkueqkb]
2025-12-29 09:44:53.033 DEBUG [N/A] [clientInboundChannel-2] org.springframework.web.SimpLogging - Processing CONNECT session=uhkueqkb
2025-12-29 09:44:53.037 DEBUG [N/A] [clientInboundChannel-5] org.springframework.web.SimpLogging - Processing SUBSCRIBE /topic/alarm id=sub-0 session=uhkueqkb
2025-12-29 09:45:00.016 DEBUG [N/A] [ServerMonitorJob-3] c.m.b.m.S.findById - ==>  Preparing: SELECT id, name, server_id, template_id, collect_script, params, threshold_rule, cron_expression, alarm_channels, alarm_template_id, is_active, last_run_time, last_run_status, last_run_value, create_time, update_time FROM server_monitor_task WHERE id = ?
2025-12-29 09:45:00.016 DEBUG [N/A] [ServerMonitorJob-4] c.m.b.m.S.findById - ==>  Preparing: SELECT id, name, server_id, template_id, collect_script, params, threshold_rule, cron_expression, alarm_channels, alarm_template_id, is_active, last_run_time, last_run_status, last_run_value, create_time, update_time FROM server_monitor_task WHERE id = ?
2025-12-29 09:45:00.016 DEBUG [N/A] [ServerMonitorJob-1] c.m.b.m.S.findById - ==>  Preparing: SELECT id, name, server_id, template_id, collect_script, params, threshold_rule, cron_expression, alarm_channels, alarm_template_id, is_active, last_run_time, last_run_status, last_run_value, create_time, update_time FROM server_monitor_task WHERE id = ?
2025-12-29 09:45:00.016 DEBUG [N/A] [ServerMonitorJob-2] c.m.b.m.S.findById - ==>  Preparing: SELECT id, name, server_id, template_id, collect_script, params, threshold_rule, cron_expression, alarm_channels, alarm_template_id, is_active, last_run_time, last_run_status, last_run_value, create_time, update_time FROM server_monitor_task WHERE id = ?
2025-12-29 09:45:00.017 DEBUG [N/A] [ServerMonitorJob-3] c.m.b.m.S.findById - ==> Parameters: 16(Long)
2025-12-29 09:45:00.017 DEBUG [N/A] [ServerMonitorJob-4] c.m.b.m.S.findById - ==> Parameters: 3(Long)
2025-12-29 09:45:00.018 DEBUG [N/A] [ServerMonitorJob-1] c.m.b.m.S.findById - ==> Parameters: 15(Long)
2025-12-29 09:45:00.018 DEBUG [N/A] [ServerMonitorJob-2] c.m.b.m.S.findById - ==> Parameters: 8(Long)
2025-12-29 09:45:00.024 DEBUG [N/A] [ServerMonitorJob-4] c.m.b.m.S.findById - <==      Total: 1
2025-12-29 09:45:00.024 DEBUG [N/A] [ServerMonitorJob-3] c.m.b.m.S.findById - <==      Total: 1
2025-12-29 09:45:00.024 DEBUG [N/A] [ServerMonitorJob-2] c.m.b.m.S.findById - <==      Total: 1
2025-12-29 09:45:00.025 DEBUG [N/A] [ServerMonitorJob-1] c.m.b.m.S.findById - <==      Total: 1
2025-12-29 09:45:00.025 DEBUG [N/A] [ServerMonitorJob-2] c.m.b.m.ServerAssetMapper.findById - ==>  Preparing: SELECT id, name, ip, port, username, auth_type, password_encrypted, private_key_encrypted, group_id, tags, is_active, last_check_time, last_check_status, create_time, update_time FROM server_asset WHERE id = ?
2025-12-29 09:45:00.025 DEBUG [N/A] [ServerMonitorJob-3] c.m.b.m.ServerAssetMapper.findById - ==>  Preparing: SELECT id, name, ip, port, username, auth_type, password_encrypted, private_key_encrypted, group_id, tags, is_active, last_check_time, last_check_status, create_time, update_time FROM server_asset WHERE id = ?
2025-12-29 09:45:00.025 DEBUG [N/A] [ServerMonitorJob-1] c.m.b.m.ServerAssetMapper.findById - ==>  Preparing: SELECT id, name, ip, port, username, auth_type, password_encrypted, private_key_encrypted, group_id, tags, is_active, last_check_time, last_check_status, create_time, update_time FROM server_asset WHERE id = ?
2025-12-29 09:45:00.025 DEBUG [N/A] [ServerMonitorJob-4] c.m.b.m.ServerAssetMapper.findById - ==>  Preparing: SELECT id, name, ip, port, username, auth_type, password_encrypted, private_key_encrypted, group_id, tags, is_active, last_check_time, last_check_status, create_time, update_time FROM server_asset WHERE id = ?
2025-12-29 09:45:00.025 DEBUG [N/A] [ServerMonitorJob-2] c.m.b.m.ServerAssetMapper.findById - ==> Parameters: 2(Long)
2025-12-29 09:45:00.025 DEBUG [N/A] [ServerMonitorJob-1] c.m.b.m.ServerAssetMapper.findById - ==> Parameters: 1(Long)
2025-12-29 09:45:00.025 DEBUG [N/A] [ServerMonitorJob-4] c.m.b.m.ServerAssetMapper.findById - ==> Parameters: 1(Long)
2025-12-29 09:45:00.025 DEBUG [N/A] [ServerMonitorJob-3] c.m.b.m.ServerAssetMapper.findById - ==> Parameters: 1(Long)
2025-12-29 09:45:00.028 DEBUG [N/A] [ServerMonitorJob-1] c.m.b.m.ServerAssetMapper.findById - <==      Total: 1
2025-12-29 09:45:00.028 INFO  [N/A] [ServerMonitorJob-1] c.m.b.s.ServerMonitorTaskScheduler - 执行服务器监控任务: 网络连通性 [127.0.0.1]
2025-12-29 09:45:00.028 DEBUG [N/A] [ServerMonitorJob-4] c.m.b.m.ServerAssetMapper.findById - <==      Total: 1
2025-12-29 09:45:00.028 DEBUG [N/A] [ServerMonitorJob-2] c.m.b.m.ServerAssetMapper.findById - <==      Total: 1
2025-12-29 09:45:00.028 INFO  [N/A] [ServerMonitorJob-4] c.m.b.s.ServerMonitorTaskScheduler - 执行服务器监控任务: 磁盘使用率 [127.0.0.1]
2025-12-29 09:45:00.028 DEBUG [N/A] [ServerMonitorJob-1] c.m.b.service.SshExecutorService - Executing script locally
2025-12-29 09:45:00.028 INFO  [N/A] [ServerMonitorJob-2] c.m.b.s.ServerMonitorTaskScheduler - 执行服务器监控任务: 内存使用率 [192.168.3.20]
2025-12-29 09:45:00.028 DEBUG [N/A] [ServerMonitorJob-4] c.m.b.service.SshExecutorService - Executing script locally
2025-12-29 09:45:00.028 DEBUG [N/A] [ServerMonitorJob-3] c.m.b.m.ServerAssetMapper.findById - <==      Total: 1
2025-12-29 09:45:00.028 INFO  [N/A] [ServerMonitorJob-3] c.m.b.s.ServerMonitorTaskScheduler - 执行服务器监控任务: 内存使用率 [127.0.0.1]
2025-12-29 09:45:00.029 DEBUG [N/A] [ServerMonitorJob-3] c.m.b.service.SshExecutorService - Executing script locally
2025-12-29 09:45:00.031 DEBUG [N/A] [ServerMonitorJob-2] c.m.b.service.SshExecutorService - Creating SSH session to syiptv@192.168.3.20:22
2025-12-29 09:45:00.043 DEBUG [N/A] [ServerMonitorJob-2] c.m.b.service.SshExecutorService - Using password authentication (decrypted from passwordEncrypted)
2025-12-29 09:45:00.046 DEBUG [N/A] [ServerMonitorJob-1] c.m.b.m.S.updateRunStatus - ==>  Preparing: UPDATE server_monitor_task SET last_run_time = ?, last_run_status = ?, last_run_value = ? WHERE id = ?
2025-12-29 09:45:00.046 DEBUG [N/A] [ServerMonitorJob-1] c.m.b.m.S.updateRunStatus - ==> Parameters: 2025-12-29T09:45:00.046166(LocalDateTime), SUCCESS(String), 0(String), 15(Long)
2025-12-29 09:45:00.047 DEBUG [N/A] [ServerMonitorJob-3] c.m.b.m.S.updateRunStatus - ==>  Preparing: UPDATE server_monitor_task SET last_run_time = ?, last_run_status = ?, last_run_value = ? WHERE id = ?
2025-12-29 09:45:00.048 DEBUG [N/A] [ServerMonitorJob-3] c.m.b.m.S.updateRunStatus - ==> Parameters: 2025-12-29T09:45:00.047585(LocalDateTime), SUCCESS(String), bash: free: command not found(String), 16(Long)
2025-12-29 09:45:00.049 DEBUG [N/A] [ServerMonitorJob-4] c.m.b.m.S.updateRunStatus - ==>  Preparing: UPDATE server_monitor_task SET last_run_time = ?, last_run_status = ?, last_run_value = ? WHERE id = ?
2025-12-29 09:45:00.050 DEBUG [N/A] [ServerMonitorJob-4] c.m.b.m.S.updateRunStatus - ==> Parameters: 2025-12-29T09:45:00.049863(LocalDateTime), SUCCESS(String), 53(String), 3(Long)
2025-12-29 09:45:00.057 DEBUG [N/A] [ServerMonitorJob-3] c.m.b.m.S.updateRunStatus - <==    Updates: 1
2025-12-29 09:45:00.057 DEBUG [N/A] [ServerMonitorJob-1] c.m.b.m.S.updateRunStatus - <==    Updates: 1
2025-12-29 09:45:00.057 DEBUG [N/A] [ServerMonitorJob-4] c.m.b.m.S.updateRunStatus - <==    Updates: 1
2025-12-29 09:45:00.058 INFO  [N/A] [ServerMonitorJob-3] c.m.b.s.ServerMonitorTaskScheduler - 服务器监控任务执行成功: 内存使用率 = bash: free: command not found
2025-12-29 09:45:00.068 WARN  [N/A] [ServerMonitorJob-4] c.m.b.s.ServerMonitorTaskScheduler - 服务器告警触发: 磁盘使用率 [127.0.0.1] - 值: 53.0 > 50.0
2025-12-29 09:45:00.068 DEBUG [N/A] [ServerMonitorJob-1] c.m.b.m.A.findByTaskAndType - ==>  Preparing: SELECT id, task_id, task_type, trigger_type, trigger_value, threshold_value, first_trigger_time, last_trigger_time, trigger_count, status, level, acknowledge_by, acknowledge_time, resolve_time, suppressed_until, message, create_time, update_time FROM alarm_active WHERE task_id = ? AND task_type = ? AND status != 'RESOLVED' LIMIT 1
2025-12-29 09:45:00.068 DEBUG [N/A] [ServerMonitorJob-1] c.m.b.m.A.findByTaskAndType - ==> Parameters: 15(Long), SERVER_MONITOR(String)
2025-12-29 09:45:00.068 INFO  [N/A] [ServerMonitorJob-4] c.monitor.backend.alarm.AlarmService - 告警触发: taskId=3, taskType=SERVER_MONITOR, value=53.0, threshold=50.0
2025-12-29 09:45:00.069 DEBUG [N/A] [ServerMonitorJob-4] c.m.b.m.A.findByTaskAndType - ==>  Preparing: SELECT id, task_id, task_type, trigger_type, trigger_value, threshold_value, first_trigger_time, last_trigger_time, trigger_count, status, level, acknowledge_by, acknowledge_time, resolve_time, suppressed_until, message, create_time, update_time FROM alarm_active WHERE task_id = ? AND task_type = ? AND status != 'RESOLVED' LIMIT 1
2025-12-29 09:45:00.069 DEBUG [N/A] [ServerMonitorJob-4] c.m.b.m.A.findByTaskAndType - ==> Parameters: 3(Long), SERVER_MONITOR(String)
2025-12-29 09:45:00.074 DEBUG [N/A] [ServerMonitorJob-1] c.m.b.m.A.findByTaskAndType - <==      Total: 0
2025-12-29 09:45:00.074 INFO  [N/A] [ServerMonitorJob-1] c.m.b.s.ServerMonitorTaskScheduler - 服务器监控任务执行成功: 网络连通性 = 0
2025-12-29 09:45:00.074 DEBUG [N/A] [ServerMonitorJob-4] c.m.b.m.A.findByTaskAndType - <==      Total: 1
2025-12-29 09:45:00.075 DEBUG [N/A] [ServerMonitorJob-4] c.m.b.m.AlarmTemplateMapper.findById - ==>  Preparing: SELECT id, name, subject, content, content_type, is_default, create_time, update_time FROM alarm_template WHERE id = ?
2025-12-29 09:45:00.075 DEBUG [N/A] [ServerMonitorJob-4] c.m.b.m.AlarmTemplateMapper.findById - ==> Parameters: 20(Long)
2025-12-29 09:45:00.079 DEBUG [N/A] [ServerMonitorJob-4] c.m.b.m.AlarmTemplateMapper.findById - <==      Total: 1
2025-12-29 09:45:00.081 DEBUG [N/A] [ServerMonitorJob-4] c.m.b.m.AlarmActiveMapper.update - ==>  Preparing: UPDATE alarm_active SET trigger_value = ?, threshold_value = ?, last_trigger_time = ?, trigger_count = ?, status = ?, level = ?, acknowledge_by = ?, acknowledge_time = ?, resolve_time = ?, suppressed_until = ?, message = ?, update_time = NOW() WHERE id = ?
2025-12-29 09:45:00.081 DEBUG [N/A] [ServerMonitorJob-4] c.m.b.m.AlarmActiveMapper.update - ==> Parameters: 53.0(Double), 50.0(Double), 2025-12-29T09:45:00.074713(LocalDateTime), 5(Integer), FIRING(String), CRITICAL(String), null, null, null, null, > 服务名：**磁盘使用率 [本机测试]**
> IP：**127.0.0.1**
> 内容：磁盘${path}使用率53.00%，超过阈值***50.00%***(String), 9(Long)
2025-12-29 09:45:00.088 DEBUG [N/A] [ServerMonitorJob-4] c.m.b.m.AlarmActiveMapper.update - <==    Updates: 1
2025-12-29 09:45:00.088 INFO  [N/A] [ServerMonitorJob-4] c.monitor.backend.alarm.AlarmService - 更新告警: id=9, triggerCount=5
2025-12-29 09:45:00.088 DEBUG [N/A] [ServerMonitorJob-4] org.springframework.web.SimpLogging - Processing MESSAGE destination=/topic/alarm session=null payload={"type":"FIRING","id":9,"taskId":3,"taskType":"SERVER_MONITOR","level":"CRITICAL...(truncated)
2025-12-29 09:45:00.089 DEBUG [N/A] [ServerMonitorJob-4] org.springframework.web.SimpLogging - Broadcasting to 1 sessions.
2025-12-29 09:45:00.089 INFO  [N/A] [ServerMonitorJob-4] c.m.b.alarm.AlarmWebSocketService - 告警广播成功: alarmId=9, level=CRITICAL
2025-12-29 09:45:00.089 DEBUG [N/A] [ServerMonitorJob-4] c.m.b.m.AlarmChannelMapper.findById - ==>  Preparing: SELECT id, name, type, config, is_active, create_time, update_time FROM alarm_channel WHERE id = ?
2025-12-29 09:45:00.090 DEBUG [N/A] [ServerMonitorJob-4] c.m.b.m.AlarmChannelMapper.findById - ==> Parameters: 4(Long)
2025-12-29 09:45:00.092 DEBUG [N/A] [ServerMonitorJob-4] c.m.b.m.AlarmChannelMapper.findById - <==      Total: 1
2025-12-29 09:45:00.092 DEBUG [N/A] [ServerMonitorJob-4] c.m.b.m.AlarmTemplateMapper.findById - ==>  Preparing: SELECT id, name, subject, content, content_type, is_default, create_time, update_time FROM alarm_template WHERE id = ?
2025-12-29 09:45:00.092 DEBUG [N/A] [ServerMonitorJob-4] c.m.b.m.AlarmTemplateMapper.findById - ==> Parameters: 20(Long)
2025-12-29 09:45:00.094 DEBUG [N/A] [ServerMonitorJob-4] c.m.b.m.AlarmTemplateMapper.findById - <==      Total: 1
2025-12-29 09:45:00.561 INFO  [N/A] [ServerMonitorJob-2] c.m.b.service.SshExecutorService - SSH session connected to syiptv@192.168.3.20
2025-12-29 09:45:00.590 INFO  [N/A] [ServerMonitorJob-4] c.m.b.alarm.sender.WeChatAlarmSender - 企业微信告警发送成功: taskName=磁盘使用率 [本机测试]
2025-12-29 09:45:00.591 DEBUG [N/A] [ServerMonitorJob-4] c.m.b.m.AlarmHistoryMapper.insert - ==>  Preparing: INSERT INTO alarm_history(task_id, channel_id, trigger_time, trigger_type, trigger_value, threshold_value, message, is_success, error_message) VALUES(?, ?, ?, ?, ?, ?, ?, ?, ?)
2025-12-29 09:45:00.591 DEBUG [N/A] [ServerMonitorJob-4] c.m.b.m.AlarmHistoryMapper.insert - ==> Parameters: 3(Long), 4(Long), 2025-12-29T09:45:00.590840(LocalDateTime), THRESHOLD(String), 53.0(Double), 50.0(Double), > 服务名：**磁盘使用率 [本机测试]**
> IP：**127.0.0.1**
> 内容：磁盘${path}使用率53.00%，超过阈值***50.00%***(String), 1(Integer), null
2025-12-29 09:45:00.600 DEBUG [N/A] [ServerMonitorJob-4] c.m.b.m.AlarmHistoryMapper.insert - <==    Updates: 1
2025-12-29 09:45:00.602 DEBUG [N/A] [ServerMonitorJob-4] c.m.b.m.AlarmChannelMapper.findById - ==>  Preparing: SELECT id, name, type, config, is_active, create_time, update_time FROM alarm_channel WHERE id = ?
2025-12-29 09:45:00.602 DEBUG [N/A] [ServerMonitorJob-4] c.m.b.m.AlarmChannelMapper.findById - ==> Parameters: 3(Long)
2025-12-29 09:45:00.603 DEBUG [N/A] [ServerMonitorJob-4] c.m.b.m.AlarmChannelMapper.findById - <==      Total: 1
2025-12-29 09:45:00.604 DEBUG [N/A] [ServerMonitorJob-4] c.m.b.m.AlarmTemplateMapper.findById - ==>  Preparing: SELECT id, name, subject, content, content_type, is_default, create_time, update_time FROM alarm_template WHERE id = ?
2025-12-29 09:45:00.604 DEBUG [N/A] [ServerMonitorJob-4] c.m.b.m.AlarmTemplateMapper.findById - ==> Parameters: 20(Long)
2025-12-29 09:45:00.606 DEBUG [N/A] [ServerMonitorJob-4] c.m.b.m.AlarmTemplateMapper.findById - <==      Total: 1
2025-12-29 09:45:00.754 DEBUG [N/A] [ServerMonitorJob-2] c.m.b.service.SshExecutorService - SSH session disconnected
2025-12-29 09:45:00.756 DEBUG [N/A] [ServerMonitorJob-2] c.m.b.m.S.updateRunStatus - ==>  Preparing: UPDATE server_monitor_task SET last_run_time = ?, last_run_status = ?, last_run_value = ? WHERE id = ?
2025-12-29 09:45:00.756 DEBUG [N/A] [ServerMonitorJob-2] c.m.b.m.S.updateRunStatus - ==> Parameters: 2025-12-29T09:45:00.754944(LocalDateTime), SUCCESS(String), 68(String), 8(Long)
2025-12-29 09:45:00.764 DEBUG [N/A] [ServerMonitorJob-2] c.m.b.m.S.updateRunStatus - <==    Updates: 1
2025-12-29 09:45:00.765 DEBUG [N/A] [ServerMonitorJob-2] c.m.b.m.A.findByTaskAndType - ==>  Preparing: SELECT id, task_id, task_type, trigger_type, trigger_value, threshold_value, first_trigger_time, last_trigger_time, trigger_count, status, level, acknowledge_by, acknowledge_time, resolve_time, suppressed_until, message, create_time, update_time FROM alarm_active WHERE task_id = ? AND task_type = ? AND status != 'RESOLVED' LIMIT 1
2025-12-29 09:45:00.765 DEBUG [N/A] [ServerMonitorJob-2] c.m.b.m.A.findByTaskAndType - ==> Parameters: 8(Long), SERVER_MONITOR(String)
2025-12-29 09:45:00.767 DEBUG [N/A] [ServerMonitorJob-2] c.m.b.m.A.findByTaskAndType - <==      Total: 0
2025-12-29 09:45:00.767 INFO  [N/A] [ServerMonitorJob-2] c.m.b.s.ServerMonitorTaskScheduler - 服务器监控任务执行成功: 内存使用率 = 68
2025-12-29 09:45:00.876 INFO  [N/A] [ServerMonitorJob-4] c.m.b.a.sender.DingTalkAlarmSender - 钉钉告警发送成功: taskName=磁盘使用率 [本机测试]
2025-12-29 09:45:00.877 DEBUG [N/A] [ServerMonitorJob-4] c.m.b.m.AlarmHistoryMapper.insert - ==>  Preparing: INSERT INTO alarm_history(task_id, channel_id, trigger_time, trigger_type, trigger_value, threshold_value, message, is_success, error_message) VALUES(?, ?, ?, ?, ?, ?, ?, ?, ?)
2025-12-29 09:45:00.877 DEBUG [N/A] [ServerMonitorJob-4] c.m.b.m.AlarmHistoryMapper.insert - ==> Parameters: 3(Long), 3(Long), 2025-12-29T09:45:00.876849(LocalDateTime), THRESHOLD(String), 53.0(Double), 50.0(Double), > 服务名：**磁盘使用率 [本机测试]**
> IP：**127.0.0.1**
> 内容：磁盘${path}使用率53.00%，超过阈值***50.00%***(String), 1(Integer), null
2025-12-29 09:45:00.883 DEBUG [N/A] [ServerMonitorJob-4] c.m.b.m.AlarmHistoryMapper.insert - <==    Updates: 1
2025-12-29 09:45:00.883 DEBUG [N/A] [ServerMonitorJob-4] c.m.b.m.AlarmChannelMapper.findById - ==>  Preparing: SELECT id, name, type, config, is_active, create_time, update_time FROM alarm_channel WHERE id = ?
2025-12-29 09:45:00.884 DEBUG [N/A] [ServerMonitorJob-4] c.m.b.m.AlarmChannelMapper.findById - ==> Parameters: 2(Long)
2025-12-29 09:45:00.885 DEBUG [N/A] [ServerMonitorJob-4] c.m.b.m.AlarmChannelMapper.findById - <==      Total: 1
2025-12-29 09:45:00.885 DEBUG [N/A] [ServerMonitorJob-4] c.m.b.m.AlarmTemplateMapper.findById - ==>  Preparing: SELECT id, name, subject, content, content_type, is_default, create_time, update_time FROM alarm_template WHERE id = ?
2025-12-29 09:45:00.885 DEBUG [N/A] [ServerMonitorJob-4] c.m.b.m.AlarmTemplateMapper.findById - ==> Parameters: 20(Long)
2025-12-29 09:45:00.889 DEBUG [N/A] [ServerMonitorJob-4] c.m.b.m.AlarmTemplateMapper.findById - <==      Total: 1
2025-12-29 09:45:02.246 INFO  [N/A] [ServerMonitorJob-4] c.m.b.alarm.sender.EmailAlarmSender - 邮件告警发送成功: to=yuxc.gm@gmail.com, subject=【告警】磁盘使用率 [本机测试]
2025-12-29 09:45:02.248 DEBUG [N/A] [ServerMonitorJob-4] c.m.b.m.AlarmHistoryMapper.insert - ==>  Preparing: INSERT INTO alarm_history(task_id, channel_id, trigger_time, trigger_type, trigger_value, threshold_value, message, is_success, error_message) VALUES(?, ?, ?, ?, ?, ?, ?, ?, ?)
2025-12-29 09:45:02.249 DEBUG [N/A] [ServerMonitorJob-4] c.m.b.m.AlarmHistoryMapper.insert - ==> Parameters: 3(Long), 2(Long), 2025-12-29T09:45:02.247062(LocalDateTime), THRESHOLD(String), 53.0(Double), 50.0(Double), > 服务名：**磁盘使用率 [本机测试]**
> IP：**127.0.0.1**
> 内容：磁盘${path}使用率53.00%，超过阈值***50.00%***(String), 1(Integer), null
2025-12-29 09:45:02.258 DEBUG [N/A] [ServerMonitorJob-4] c.m.b.m.AlarmHistoryMapper.insert - <==    Updates: 1
2025-12-29 09:45:02.258 DEBUG [N/A] [ServerMonitorJob-4] c.m.b.m.AlarmChannelMapper.findById - ==>  Preparing: SELECT id, name, type, config, is_active, create_time, update_time FROM alarm_channel WHERE id = ?
2025-12-29 09:45:02.258 DEBUG [N/A] [ServerMonitorJob-4] c.m.b.m.AlarmChannelMapper.findById - ==> Parameters: 1(Long)
2025-12-29 09:45:02.260 DEBUG [N/A] [ServerMonitorJob-4] c.m.b.m.AlarmChannelMapper.findById - <==      Total: 1
2025-12-29 09:45:02.260 DEBUG [N/A] [ServerMonitorJob-4] c.m.b.m.AlarmTemplateMapper.findById - ==>  Preparing: SELECT id, name, subject, content, content_type, is_default, create_time, update_time FROM alarm_template WHERE id = ?
2025-12-29 09:45:02.260 DEBUG [N/A] [ServerMonitorJob-4] c.m.b.m.AlarmTemplateMapper.findById - ==> Parameters: 20(Long)
2025-12-29 09:45:02.261 DEBUG [N/A] [ServerMonitorJob-4] c.m.b.m.AlarmTemplateMapper.findById - <==      Total: 1
2025-12-29 09:45:02.262 INFO  [N/A] [ServerMonitorJob-4] c.m.b.a.s.AnnouncementAlarmSender - 系统公告通道准备就绪: taskName=磁盘使用率 [本机测试]
2025-12-29 09:45:02.262 DEBUG [N/A] [ServerMonitorJob-4] c.m.b.m.AlarmHistoryMapper.insert - ==>  Preparing: INSERT INTO alarm_history(task_id, channel_id, trigger_time, trigger_type, trigger_value, threshold_value, message, is_success, error_message) VALUES(?, ?, ?, ?, ?, ?, ?, ?, ?)
2025-12-29 09:45:02.262 DEBUG [N/A] [ServerMonitorJob-4] c.m.b.m.AlarmHistoryMapper.insert - ==> Parameters: 3(Long), 1(Long), 2025-12-29T09:45:02.262163(LocalDateTime), THRESHOLD(String), 53.0(Double), 50.0(Double), > 服务名：**磁盘使用率 [本机测试]**
> IP：**127.0.0.1**
> 内容：磁盘${path}使用率53.00%，超过阈值***50.00%***(String), 1(Integer), null
2025-12-29 09:45:02.266 DEBUG [N/A] [ServerMonitorJob-4] c.m.b.m.AlarmHistoryMapper.insert - <==    Updates: 1
2025-12-29 09:45:02.266 INFO  [N/A] [ServerMonitorJob-4] c.m.b.s.ServerMonitorTaskScheduler - 服务器监控任务执行成功: 磁盘使用率 = 53
2025-12-29 09:45:03.947 DEBUG [f079791566254f6a] [http-nio-8080-exec-8] o.s.web.servlet.DispatcherServlet - POST "/api/auth/login", parameters={}
2025-12-29 09:45:03.947 DEBUG [f079791566254f6a] [http-nio-8080-exec-8] o.s.w.s.m.m.a.RequestMappingHandlerMapping - Mapped to com.monitor.backend.controller.AuthController#login(LoginRequest)
2025-12-29 09:45:03.981 DEBUG [f079791566254f6a] [http-nio-8080-exec-8] o.s.w.s.m.m.a.RequestResponseBodyMethodProcessor - Read "application/json;charset=UTF-8" to [LoginRequest(username=admin, password=ENC:GVvEFcaM9YJbyL9VIlnLNIpNzk++fMGkyCLTu0G5g6U=)]
2025-12-29 09:45:04.020 INFO  [f079791566254f6a] [http-nio-8080-exec-8] c.m.b.controller.AuthController - 用户登录: username=admin
2025-12-29 09:45:04.023 DEBUG [f079791566254f6a] [http-nio-8080-exec-8] c.m.b.m.UserMapper.findByUsername - ==>  Preparing: SELECT id, username, password_hash, role, enabled, create_time, update_time FROM sys_user WHERE username = ?
2025-12-29 09:45:04.023 DEBUG [f079791566254f6a] [http-nio-8080-exec-8] c.m.b.m.UserMapper.findByUsername - ==> Parameters: admin(String)
2025-12-29 09:45:04.026 DEBUG [f079791566254f6a] [http-nio-8080-exec-8] c.m.b.m.UserMapper.findByUsername - <==      Total: 1
2025-12-29 09:45:04.178 DEBUG [f079791566254f6a] [http-nio-8080-exec-8] o.s.w.s.m.m.a.RequestResponseBodyMethodProcessor - Using 'application/json', given [application/json, text/plain, */*] and supported [application/json, application/*+json]
2025-12-29 09:45:04.180 DEBUG [f079791566254f6a] [http-nio-8080-exec-8] o.s.w.s.m.m.a.RequestResponseBodyMethodProcessor - Writing [ApiResponse(success=true, code=0, message=操作成功, data=LoginResponse(token=eyJhbGciOiJIUzI1NiJ9.eyJzdW (truncated)...]
2025-12-29 09:45:04.182 DEBUG [f079791566254f6a] [http-nio-8080-exec-8] o.s.web.servlet.DispatcherServlet - Completed 200 OK
2025-12-29 09:45:04.325 DEBUG [5a45ca07817248bf] [http-nio-8080-exec-10] o.s.web.servlet.DispatcherServlet - GET "/api/task", parameters={}
2025-12-29 09:45:04.325 DEBUG [5a45ca07817248bf] [http-nio-8080-exec-10] o.s.w.s.m.m.a.RequestMappingHandlerMapping - Mapped to com.monitor.backend.controller.TaskController#list()
2025-12-29 09:45:04.325 DEBUG [5a45ca07817248bf] [http-nio-8080-exec-10] c.m.b.m.MonitorTaskMapper.findAll - ==>  Preparing: SELECT id, name, datasource_id, sql_script, cron_expression, is_active, result_type, alarm_threshold_rule, chart_config, is_store_data, create_time, update_time FROM monitor_task
2025-12-29 09:45:04.326 DEBUG [5a45ca07817248bf] [http-nio-8080-exec-10] c.m.b.m.MonitorTaskMapper.findAll - ==> Parameters: 
2025-12-29 09:45:04.328 DEBUG [5a45ca07817248bf] [http-nio-8080-exec-10] c.m.b.m.MonitorTaskMapper.findAll - <==      Total: 3
2025-12-29 09:45:04.328 DEBUG [5a45ca07817248bf] [http-nio-8080-exec-10] o.s.w.s.m.m.a.RequestResponseBodyMethodProcessor - Using 'application/json', given [application/json, text/plain, */*] and supported [application/json, application/*+json]
2025-12-29 09:45:04.331 DEBUG [5a45ca07817248bf] [http-nio-8080-exec-10] o.s.w.s.m.m.a.RequestResponseBodyMethodProcessor - Writing [ApiResponse(success=true, code=0, message=操作成功, data=[MonitorTask(id=1, name=用户订购统计, datasourceId=1, (truncated)...]
2025-12-29 09:45:04.333 DEBUG [5a45ca07817248bf] [http-nio-8080-exec-10] o.s.web.servlet.DispatcherServlet - Completed 200 OK
2025-12-29 09:45:04.488 DEBUG [30c8245dc4e5458e] [http-nio-8080-exec-1] o.s.web.servlet.DispatcherServlet - GET "/api/stats/5", parameters={}
2025-12-29 09:45:04.489 DEBUG [30c8245dc4e5458e] [http-nio-8080-exec-1] o.s.w.s.m.m.a.RequestMappingHandlerMapping - Mapped to com.monitor.backend.controller.StatsController#getRecentStats(Long, int)
2025-12-29 09:45:04.491 DEBUG [30c8245dc4e5458e] [http-nio-8080-exec-1] c.m.b.m.M.findRecentByTaskId - ==>  Preparing: SELECT id, task_id, execution_time, is_success, error_message, result_number, result_json FROM monitor_record WHERE task_id = ? ORDER BY execution_time DESC LIMIT ?
2025-12-29 09:45:04.491 DEBUG [30c8245dc4e5458e] [http-nio-8080-exec-1] c.m.b.m.M.findRecentByTaskId - ==> Parameters: 5(Long), 10(Integer)
2025-12-29 09:45:04.494 DEBUG [ab75bb265382442b] [http-nio-8080-exec-4] o.s.web.servlet.DispatcherServlet - GET "/api/stats/6", parameters={}
2025-12-29 09:45:04.494 DEBUG [ab75bb265382442b] [http-nio-8080-exec-4] o.s.w.s.m.m.a.RequestMappingHandlerMapping - Mapped to com.monitor.backend.controller.StatsController#getRecentStats(Long, int)
2025-12-29 09:45:04.496 DEBUG [ab75bb265382442b] [http-nio-8080-exec-4] c.m.b.m.M.findRecentByTaskId - ==>  Preparing: SELECT id, task_id, execution_time, is_success, error_message, result_number, result_json FROM monitor_record WHERE task_id = ? ORDER BY execution_time DESC LIMIT ?
2025-12-29 09:45:04.496 DEBUG [30c8245dc4e5458e] [http-nio-8080-exec-1] c.m.b.m.M.findRecentByTaskId - <==      Total: 7
2025-12-29 09:45:04.496 DEBUG [ab75bb265382442b] [http-nio-8080-exec-4] c.m.b.m.M.findRecentByTaskId - ==> Parameters: 6(Long), 10(Integer)
2025-12-29 09:45:04.497 DEBUG [30c8245dc4e5458e] [http-nio-8080-exec-1] o.s.w.s.m.m.a.RequestResponseBodyMethodProcessor - Using 'application/json', given [application/json, text/plain, */*] and supported [application/json, application/*+json]
2025-12-29 09:45:04.500 DEBUG [30c8245dc4e5458e] [http-nio-8080-exec-1] o.s.w.s.m.m.a.RequestResponseBodyMethodProcessor - Writing [ApiResponse(success=true, code=0, message=操作成功, data=[MonitorRecord(id=8815, taskId=5, executionTime (truncated)...]
2025-12-29 09:45:04.501 DEBUG [ab75bb265382442b] [http-nio-8080-exec-4] c.m.b.m.M.findRecentByTaskId - <==      Total: 10
2025-12-29 09:45:04.501 DEBUG [30c8245dc4e5458e] [http-nio-8080-exec-1] o.s.web.servlet.DispatcherServlet - Completed 200 OK
2025-12-29 09:45:04.509 DEBUG [f20c1d526a93444a] [http-nio-8080-exec-6] o.s.web.servlet.DispatcherServlet - GET "/api/stats/task/5/pivot-data", parameters={}
2025-12-29 09:45:04.509 DEBUG [f20c1d526a93444a] [http-nio-8080-exec-6] o.s.w.s.m.m.a.RequestMappingHandlerMapping - Mapped to com.monitor.backend.controller.StatsController#getPivotData(Long, Integer)
2025-12-29 09:45:04.514 DEBUG [f20c1d526a93444a] [http-nio-8080-exec-6] c.m.b.m.MonitorTaskMapper.findById - ==>  Preparing: SELECT id, name, datasource_id, sql_script, cron_expression, is_active, result_type, alarm_threshold_rule, chart_config, is_store_data, create_time, update_time FROM monitor_task WHERE id = ?
2025-12-29 09:45:04.515 DEBUG [f20c1d526a93444a] [http-nio-8080-exec-6] c.m.b.m.MonitorTaskMapper.findById - ==> Parameters: 5(Long)
2025-12-29 09:45:04.517 DEBUG [f20c1d526a93444a] [http-nio-8080-exec-6] c.m.b.m.MonitorTaskMapper.findById - <==      Total: 1
2025-12-29 09:45:04.526 WARN  [ab75bb265382442b] [http-nio-8080-exec-4] c.m.b.service.DynamicTableService - Failed to query by batch_id from monitor_data_task_6: PreparedStatementCallback; bad SQL grammar [SELECT * FROM monitor_data_task_6 WHERE batch_id = ? ORDER BY id]
2025-12-29 09:45:04.532 DEBUG [ab75bb265382442b] [http-nio-8080-exec-4] o.s.w.s.m.m.a.RequestResponseBodyMethodProcessor - Using 'application/json', given [application/json, text/plain, */*] and supported [application/json, application/*+json]
2025-12-29 09:45:04.532 DEBUG [ab75bb265382442b] [http-nio-8080-exec-4] o.s.w.s.m.m.a.RequestResponseBodyMethodProcessor - Writing [ApiResponse(success=true, code=0, message=操作成功, data=[MonitorRecord(id=8995, taskId=6, executionTime (truncated)...]
2025-12-29 09:45:04.533 DEBUG [ab75bb265382442b] [http-nio-8080-exec-4] o.s.web.servlet.DispatcherServlet - Completed 200 OK
2025-12-29 09:45:04.543 DEBUG [0a7e145c3eb2489b] [http-nio-8080-exec-8] o.s.web.servlet.DispatcherServlet - GET "/api/stats/task/6/pivot-data", parameters={}
2025-12-29 09:45:04.543 DEBUG [0a7e145c3eb2489b] [http-nio-8080-exec-8] o.s.w.s.m.m.a.RequestMappingHandlerMapping - Mapped to com.monitor.backend.controller.StatsController#getPivotData(Long, Integer)
2025-12-29 09:45:04.543 DEBUG [f20c1d526a93444a] [http-nio-8080-exec-6] o.s.w.s.m.m.a.RequestResponseBodyMethodProcessor - Using 'application/json', given [application/json, text/plain, */*] and supported [application/json, application/*+json]
2025-12-29 09:45:04.544 DEBUG [f20c1d526a93444a] [http-nio-8080-exec-6] o.s.w.s.m.m.a.RequestResponseBodyMethodProcessor - Writing [ApiResponse(success=true, code=0, message=操作成功, data=[{execution_time=2025-12-13 10:23, orderID=1000 (truncated)...]
2025-12-29 09:45:04.545 DEBUG [0a7e145c3eb2489b] [http-nio-8080-exec-8] c.m.b.m.MonitorTaskMapper.findById - ==>  Preparing: SELECT id, name, datasource_id, sql_script, cron_expression, is_active, result_type, alarm_threshold_rule, chart_config, is_store_data, create_time, update_time FROM monitor_task WHERE id = ?
2025-12-29 09:45:04.545 DEBUG [f20c1d526a93444a] [http-nio-8080-exec-6] o.s.web.servlet.DispatcherServlet - Completed 200 OK
2025-12-29 09:45:04.546 DEBUG [0a7e145c3eb2489b] [http-nio-8080-exec-8] c.m.b.m.MonitorTaskMapper.findById - ==> Parameters: 6(Long)
2025-12-29 09:45:04.548 DEBUG [0a7e145c3eb2489b] [http-nio-8080-exec-8] c.m.b.m.MonitorTaskMapper.findById - <==      Total: 1
2025-12-29 09:45:04.549 DEBUG [0a7e145c3eb2489b] [http-nio-8080-exec-8] c.m.b.service.DynamicTableService - 任务6为非存储模式，实时执行SQL
2025-12-29 09:45:04.549 DEBUG [0a7e145c3eb2489b] [http-nio-8080-exec-8] c.m.b.m.M.findById - ==>  Preparing: SELECT id, name, url, username, password_encrypted, driver_class_name, create_time, update_time FROM monitor_datasource WHERE id = ?
2025-12-29 09:45:04.550 DEBUG [0a7e145c3eb2489b] [http-nio-8080-exec-8] c.m.b.m.M.findById - ==> Parameters: 2(Long)
2025-12-29 09:45:04.552 DEBUG [0a7e145c3eb2489b] [http-nio-8080-exec-8] c.m.b.m.M.findById - <==      Total: 1
2025-12-29 09:45:04.554 DEBUG [0a7e145c3eb2489b] [http-nio-8080-exec-8] c.m.b.m.M.findLastSuccessTime - ==>  Preparing: SELECT execution_time FROM monitor_record WHERE task_id = ? AND is_success = 1 ORDER BY execution_time DESC LIMIT 1
2025-12-29 09:45:04.554 DEBUG [0a7e145c3eb2489b] [http-nio-8080-exec-8] c.m.b.m.M.findLastSuccessTime - ==> Parameters: 6(Long)
2025-12-29 09:45:04.557 DEBUG [0a7e145c3eb2489b] [http-nio-8080-exec-8] c.m.b.m.M.findLastSuccessTime - <==      Total: 1
2025-12-29 09:45:04.558 INFO  [0a7e145c3eb2489b] [http-nio-8080-exec-8] com.zaxxer.hikari.HikariDataSource - HikariPool-2 - Starting...
2025-12-29 09:45:04.572 INFO  [0a7e145c3eb2489b] [http-nio-8080-exec-8] com.zaxxer.hikari.pool.HikariPool - HikariPool-2 - Added connection com.mysql.cj.jdbc.ConnectionImpl@192e77fd
2025-12-29 09:45:04.572 INFO  [0a7e145c3eb2489b] [http-nio-8080-exec-8] com.zaxxer.hikari.HikariDataSource - HikariPool-2 - Start completed.
2025-12-29 09:45:04.596 INFO  [0a7e145c3eb2489b] [http-nio-8080-exec-8] c.m.b.service.DynamicTableService - 实时执行SQL获取4475条数据: taskId=6
2025-12-29 09:45:04.602 DEBUG [0a7e145c3eb2489b] [http-nio-8080-exec-8] o.s.w.s.m.m.a.RequestResponseBodyMethodProcessor - Using 'application/json', given [application/json, text/plain, */*] and supported [application/json, application/*+json]
2025-12-29 09:45:04.606 DEBUG [0a7e145c3eb2489b] [http-nio-8080-exec-8] o.s.w.s.m.m.a.RequestResponseBodyMethodProcessor - Writing [ApiResponse(success=true, code=0, message=操作成功, data=[{productInfo=超级影院包年（30元/月）_100020003229, order (truncated)...]
2025-12-29 09:45:04.615 DEBUG [0a7e145c3eb2489b] [http-nio-8080-exec-8] o.s.web.servlet.DispatcherServlet - Completed 200 OK
2025-12-29 09:45:36.309 INFO  [N/A] [MessageBroker-8] o.s.w.s.c.WebSocketMessageBrokerStats - WebSocketSession[1 current WS(1)-HttpStream(0)-HttpPoll(0), 1 total, 0 closed abnormally (0 connect failure, 0 send limit, 0 transport error)], stompSubProtocol[processed CONNECT(1)-CONNECTED(1)-DISCONNECT(0)], stompBrokerRelay[null], inboundChannel[pool size = 6, active threads = 0, queued tasks = 0, completed tasks = 6], outboundChannel[pool size = 2, active threads = 0, queued tasks = 0, completed tasks = 2], sockJsScheduler[pool size = 10, active threads = 1, queued tasks = 4, completed tasks = 12]
2025-12-29 09:45:36.321 DEBUG [N/A] [MessageBroker-9] c.m.b.m.A.findNeedEscalation - ==>  Preparing: SELECT id, task_id, task_type, trigger_type, trigger_value, threshold_value, first_trigger_time, last_trigger_time, trigger_count, status, level, acknowledge_by, acknowledge_time, resolve_time, suppressed_until, message, create_time, update_time FROM alarm_active WHERE status = 'FIRING' AND TIMESTAMPDIFF(MINUTE, first_trigger_time, NOW()) >= ? ORDER BY first_trigger_time ASC
2025-12-29 09:45:36.321 DEBUG [N/A] [MessageBroker-9] c.m.b.m.A.findNeedEscalation - ==> Parameters: 30(Integer)
2025-12-29 09:45:36.329 DEBUG [N/A] [MessageBroker-9] c.m.b.m.A.findNeedEscalation - <==      Total: 1
2025-12-29 09:45:36.330 DEBUG [N/A] [MessageBroker-1] c.m.b.s.PerformanceMetricsService - Job workflowDataExtractionJob 当前运行数: 0
2025-12-29 09:45:38.022 DEBUG [b0e975c7528f4f14] [http-nio-8080-exec-9] o.s.web.servlet.DispatcherServlet - GET "/api/task", parameters={}
2025-12-29 09:45:38.022 DEBUG [b0e975c7528f4f14] [http-nio-8080-exec-9] o.s.w.s.m.m.a.RequestMappingHandlerMapping - Mapped to com.monitor.backend.controller.TaskController#list()
2025-12-29 09:45:38.025 DEBUG [fb29b4b83ddd45fb] [http-nio-8080-exec-3] o.s.web.servlet.DispatcherServlet - GET "/api/datasource", parameters={}
2025-12-29 09:45:38.025 DEBUG [fb29b4b83ddd45fb] [http-nio-8080-exec-3] o.s.w.s.m.m.a.RequestMappingHandlerMapping - Mapped to com.monitor.backend.controller.DataSourceController#list()
2025-12-29 09:45:38.026 DEBUG [5b63ed4e74fa4dce] [http-nio-8080-exec-1] o.s.web.servlet.DispatcherServlet - GET "/api/workflows", parameters={}
2025-12-29 09:45:38.026 DEBUG [5b63ed4e74fa4dce] [http-nio-8080-exec-1] o.s.w.s.m.m.a.RequestMappingHandlerMapping - Mapped to com.monitor.backend.controller.WorkflowController#list()
2025-12-29 09:45:38.027 DEBUG [b0e975c7528f4f14] [http-nio-8080-exec-9] c.m.b.m.MonitorTaskMapper.findAll - ==>  Preparing: SELECT id, name, datasource_id, sql_script, cron_expression, is_active, result_type, alarm_threshold_rule, chart_config, is_store_data, create_time, update_time FROM monitor_task
2025-12-29 09:45:38.027 DEBUG [b0e975c7528f4f14] [http-nio-8080-exec-9] c.m.b.m.MonitorTaskMapper.findAll - ==> Parameters: 
2025-12-29 09:45:38.027 DEBUG [fb29b4b83ddd45fb] [http-nio-8080-exec-3] c.m.b.m.M.findAll - ==>  Preparing: SELECT id, name, url, username, password_encrypted, driver_class_name, create_time, update_time FROM monitor_datasource
2025-12-29 09:45:38.027 DEBUG [fb29b4b83ddd45fb] [http-nio-8080-exec-3] c.m.b.m.M.findAll - ==> Parameters: 
2025-12-29 09:45:38.029 DEBUG [fb29b4b83ddd45fb] [http-nio-8080-exec-3] c.m.b.m.M.findAll - <==      Total: 3
2025-12-29 09:45:38.030 DEBUG [5b63ed4e74fa4dce] [http-nio-8080-exec-1] c.m.b.mapper.WorkflowMapper.findAll - ==>  Preparing: SELECT id, name, description, cron_expression, is_active, timeout_seconds, output_table, index_fields, create_time, update_time FROM monitor_workflow ORDER BY create_time DESC
2025-12-29 09:45:38.030 DEBUG [fb29b4b83ddd45fb] [http-nio-8080-exec-3] o.s.w.s.m.m.a.RequestResponseBodyMethodProcessor - Using 'application/json', given [application/json, text/plain, */*] and supported [application/json, application/*+json]
2025-12-29 09:45:38.031 DEBUG [5b63ed4e74fa4dce] [http-nio-8080-exec-1] c.m.b.mapper.WorkflowMapper.findAll - ==> Parameters: 
2025-12-29 09:45:38.031 DEBUG [b0e975c7528f4f14] [http-nio-8080-exec-9] c.m.b.m.MonitorTaskMapper.findAll - <==      Total: 3
2025-12-29 09:45:38.031 DEBUG [b0e975c7528f4f14] [http-nio-8080-exec-9] o.s.w.s.m.m.a.RequestResponseBodyMethodProcessor - Using 'application/json', given [application/json, text/plain, */*] and supported [application/json, application/*+json]
2025-12-29 09:45:38.032 DEBUG [b0e975c7528f4f14] [http-nio-8080-exec-9] o.s.w.s.m.m.a.RequestResponseBodyMethodProcessor - Writing [ApiResponse(success=true, code=0, message=操作成功, data=[MonitorTask(id=1, name=用户订购统计, datasourceId=1, (truncated)...]
2025-12-29 09:45:38.033 DEBUG [b0e975c7528f4f14] [http-nio-8080-exec-9] o.s.web.servlet.DispatcherServlet - Completed 200 OK
2025-12-29 09:45:38.035 DEBUG [fb29b4b83ddd45fb] [http-nio-8080-exec-3] o.s.w.s.m.m.a.RequestResponseBodyMethodProcessor - Writing [ApiResponse(success=true, code=0, message=操作成功, data=[MonitorDataSource(id=1, name=南京3.2, url=jdbc:m (truncated)...]
2025-12-29 09:45:38.036 DEBUG [5b63ed4e74fa4dce] [http-nio-8080-exec-1] c.m.b.mapper.WorkflowMapper.findAll - <==      Total: 1
2025-12-29 09:45:38.036 DEBUG [fb29b4b83ddd45fb] [http-nio-8080-exec-3] o.s.web.servlet.DispatcherServlet - Completed 200 OK
2025-12-29 09:45:38.037 DEBUG [5b63ed4e74fa4dce] [http-nio-8080-exec-1] o.s.w.s.m.m.a.RequestResponseBodyMethodProcessor - Using 'application/json', given [application/json, text/plain, */*] and supported [application/json, application/*+json]
2025-12-29 09:45:38.040 DEBUG [5b63ed4e74fa4dce] [http-nio-8080-exec-1] o.s.w.s.m.m.a.RequestResponseBodyMethodProcessor - Writing [ApiResponse(success=true, code=0, message=操作成功, data=[Workflow(id=5, name=订购产品计费统计, description=, cr (truncated)...]
2025-12-29 09:45:38.041 DEBUG [5b63ed4e74fa4dce] [http-nio-8080-exec-1] o.s.web.servlet.DispatcherServlet - Completed 200 OK
2025-12-29 09:45:46.517 DEBUG [0ebdb75aca5045a7] [http-nio-8080-exec-4] o.s.web.servlet.DispatcherServlet - PUT "/api/task", parameters={}
2025-12-29 09:45:46.518 DEBUG [0ebdb75aca5045a7] [http-nio-8080-exec-4] o.s.w.s.m.m.a.RequestMappingHandlerMapping - Mapped to com.monitor.backend.controller.TaskController#update(MonitorTaskRequest)
2025-12-29 09:45:46.520 DEBUG [0ebdb75aca5045a7] [http-nio-8080-exec-4] o.s.w.s.m.m.a.RequestResponseBodyMethodProcessor - Read "application/json;charset=UTF-8" to [MonitorTaskRequest(id=5, name=产品订购量统计, datasourceId=1, sqlQuery=null, cronExpression=0 0 8 * * ?, th (truncated)...]
2025-12-29 09:45:46.520 INFO  [0ebdb75aca5045a7] [http-nio-8080-exec-4] c.m.b.controller.TaskController - 更新监控任务: id=5
2025-12-29 09:45:46.524 DEBUG [0ebdb75aca5045a7] [http-nio-8080-exec-4] c.m.b.m.MonitorTaskMapper.update - ==>  Preparing: UPDATE monitor_task SET name = ?, datasource_id = ?, sql_script = ?, cron_expression = ?, is_active = ?, result_type = ?, alarm_threshold_rule = ?, chart_config = ?, is_store_data = ?, update_time = ? WHERE id = ?
2025-12-29 09:45:46.525 DEBUG [0ebdb75aca5045a7] [http-nio-8080-exec-4] c.m.b.m.MonitorTaskMapper.update - ==> Parameters: 产品订购量统计(String), 1(Long), null, 0 0 8 * * ?(String), 0(Integer), null, null, null, null, 2025-12-29T09:45:46.520978(LocalDateTime), 5(Long)
2025-12-29 09:45:46.596 DEBUG [0ebdb75aca5045a7] [http-nio-8080-exec-4] o.s.w.s.m.m.a.ExceptionHandlerExceptionResolver - Using @ExceptionHandler com.monitor.backend.exception.GlobalExceptionHandler#handleException(Exception)
2025-12-29 09:45:46.596 ERROR [0ebdb75aca5045a7] [http-nio-8080-exec-4] c.m.b.e.GlobalExceptionHandler - 系统异常: 
org.springframework.dao.DataIntegrityViolationException: 
### Error updating database.  Cause: java.sql.SQLIntegrityConstraintViolationException: Column 'sql_script' cannot be null
### The error may exist in file [/Users/yux/Documents/WorkSpace/busi-monitor/backend/target/classes/mapper/MonitorTaskMapper.xml]
### The error may involve defaultParameterMap
### The error occurred while setting parameters
### SQL: UPDATE monitor_task         SET name = ?, datasource_id = ?, sql_script = ?,             cron_expression = ?, is_active = ?, result_type = ?,             alarm_threshold_rule = ?, chart_config = ?,             is_store_data = ?, update_time = ?         WHERE id = ?
### Cause: java.sql.SQLIntegrityConstraintViolationException: Column 'sql_script' cannot be null
; Column 'sql_script' cannot be null
	at org.springframework.jdbc.support.SQLExceptionSubclassTranslator.doTranslate(SQLExceptionSubclassTranslator.java:97)
	at org.springframework.jdbc.support.AbstractFallbackSQLExceptionTranslator.translate(AbstractFallbackSQLExceptionTranslator.java:107)
	at org.springframework.jdbc.support.AbstractFallbackSQLExceptionTranslator.translate(AbstractFallbackSQLExceptionTranslator.java:116)
	at org.mybatis.spring.MyBatisExceptionTranslator.translateExceptionIfPossible(MyBatisExceptionTranslator.java:92)
	at org.mybatis.spring.SqlSessionTemplate$SqlSessionInterceptor.invoke(SqlSessionTemplate.java:439)
	at jdk.proxy2/jdk.proxy2.$Proxy88.update(Unknown Source)
	at org.mybatis.spring.SqlSessionTemplate.update(SqlSessionTemplate.java:288)
	at org.apache.ibatis.binding.MapperMethod.execute(MapperMethod.java:67)
	at org.apache.ibatis.binding.MapperProxy$PlainMethodInvoker.invoke(MapperProxy.java:141)
	at org.apache.ibatis.binding.MapperProxy.invoke(MapperProxy.java:86)
	at jdk.proxy2/jdk.proxy2.$Proxy102.update(Unknown Source)
	at com.monitor.backend.controller.TaskController.update(TaskController.java:80)
	at java.base/jdk.internal.reflect.NativeMethodAccessorImpl.invoke0(Native Method)
	at java.base/jdk.internal.reflect.NativeMethodAccessorImpl.invoke(NativeMethodAccessorImpl.java:77)
	at java.base/jdk.internal.reflect.DelegatingMethodAccessorImpl.invoke(DelegatingMethodAccessorImpl.java:43)
	at java.base/java.lang.reflect.Method.invoke(Method.java:569)
	at org.springframework.web.method.support.InvocableHandlerMethod.doInvoke(InvocableHandlerMethod.java:262)
	at org.springframework.web.method.support.InvocableHandlerMethod.invokeForRequest(InvocableHandlerMethod.java:190)
	at org.springframework.web.servlet.mvc.method.annotation.ServletInvocableHandlerMethod.invokeAndHandle(ServletInvocableHandlerMethod.java:118)
	at org.springframework.web.servlet.mvc.method.annotation.RequestMappingHandlerAdapter.invokeHandlerMethod(RequestMappingHandlerAdapter.java:917)
	at org.springframework.web.servlet.mvc.method.annotation.RequestMappingHandlerAdapter.handleInternal(RequestMappingHandlerAdapter.java:829)
	at org.springframework.web.servlet.mvc.method.AbstractHandlerMethodAdapter.handle(AbstractHandlerMethodAdapter.java:87)
	at org.springframework.web.servlet.DispatcherServlet.doDispatch(DispatcherServlet.java:1089)
	at org.springframework.web.servlet.DispatcherServlet.doService(DispatcherServlet.java:979)
	at org.springframework.web.servlet.FrameworkServlet.processRequest(FrameworkServlet.java:1014)
	at org.springframework.web.servlet.FrameworkServlet.doPut(FrameworkServlet.java:925)
	at jakarta.servlet.http.HttpServlet.service(HttpServlet.java:593)
	at org.springframework.web.servlet.FrameworkServlet.service(FrameworkServlet.java:885)
	at jakarta.servlet.http.HttpServlet.service(HttpServlet.java:658)
	at org.apache.catalina.core.ApplicationFilterChain.internalDoFilter(ApplicationFilterChain.java:205)
	at org.apache.catalina.core.ApplicationFilterChain.doFilter(ApplicationFilterChain.java:149)
	at org.apache.tomcat.websocket.server.WsFilter.doFilter(WsFilter.java:51)
	at org.apache.catalina.core.ApplicationFilterChain.internalDoFilter(ApplicationFilterChain.java:174)
	at org.apache.catalina.core.ApplicationFilterChain.doFilter(ApplicationFilterChain.java:149)
	at org.springframework.web.filter.OncePerRequestFilter.doFilter(OncePerRequestFilter.java:110)
	at org.apache.catalina.core.ApplicationFilterChain.internalDoFilter(ApplicationFilterChain.java:174)
	at org.apache.catalina.core.ApplicationFilterChain.doFilter(ApplicationFilterChain.java:149)
	at org.springframework.web.filter.CompositeFilter$VirtualFilterChain.doFilter(CompositeFilter.java:108)
	at org.springframework.security.web.FilterChainProxy.lambda$doFilterInternal$3(FilterChainProxy.java:231)
	at org.springframework.security.web.FilterChainProxy$VirtualFilterChain.doFilter(FilterChainProxy.java:365)
	at org.springframework.security.web.access.intercept.AuthorizationFilter.doFilter(AuthorizationFilter.java:100)
	at org.springframework.security.web.FilterChainProxy$VirtualFilterChain.doFilter(FilterChainProxy.java:374)
	at org.springframework.security.web.access.ExceptionTranslationFilter.doFilter(ExceptionTranslationFilter.java:126)
	at org.springframework.security.web.access.ExceptionTranslationFilter.doFilter(ExceptionTranslationFilter.java:120)
	at org.springframework.security.web.FilterChainProxy$VirtualFilterChain.doFilter(FilterChainProxy.java:374)
	at org.springframework.security.web.session.SessionManagementFilter.doFilter(SessionManagementFilter.java:131)
	at org.springframework.security.web.session.SessionManagementFilter.doFilter(SessionManagementFilter.java:85)
	at org.springframework.security.web.FilterChainProxy$VirtualFilterChain.doFilter(FilterChainProxy.java:374)
	at org.springframework.security.web.authentication.AnonymousAuthenticationFilter.doFilter(AnonymousAuthenticationFilter.java:100)
	at org.springframework.security.web.FilterChainProxy$VirtualFilterChain.doFilter(FilterChainProxy.java:374)
	at org.springframework.security.web.servletapi.SecurityContextHolderAwareRequestFilter.doFilter(SecurityContextHolderAwareRequestFilter.java:179)
	at org.springframework.security.web.FilterChainProxy$VirtualFilterChain.doFilter(FilterChainProxy.java:374)
	at org.springframework.security.web.savedrequest.RequestCacheAwareFilter.doFilter(RequestCacheAwareFilter.java:63)
	at org.springframework.security.web.FilterChainProxy$VirtualFilterChain.doFilter(FilterChainProxy.java:374)
	at com.monitor.backend.config.JwtAuthenticationFilter.doFilterInternal(JwtAuthenticationFilter.java:53)
	at org.springframework.web.filter.OncePerRequestFilter.doFilter(OncePerRequestFilter.java:116)
	at org.springframework.security.web.FilterChainProxy$VirtualFilterChain.doFilter(FilterChainProxy.java:374)
	at org.springframework.security.web.authentication.logout.LogoutFilter.doFilter(LogoutFilter.java:107)
	at org.springframework.security.web.authentication.logout.LogoutFilter.doFilter(LogoutFilter.java:93)
	at org.springframework.security.web.FilterChainProxy$VirtualFilterChain.doFilter(FilterChainProxy.java:374)
	at org.springframework.web.filter.CorsFilter.doFilterInternal(CorsFilter.java:91)
	at org.springframework.web.filter.OncePerRequestFilter.doFilter(OncePerRequestFilter.java:116)
	at org.springframework.security.web.FilterChainProxy$VirtualFilterChain.doFilter(FilterChainProxy.java:374)
	at org.springframework.security.web.header.HeaderWriterFilter.doHeadersAfter(HeaderWriterFilter.java:90)
	at org.springframework.security.web.header.HeaderWriterFilter.doFilterInternal(HeaderWriterFilter.java:75)
	at org.springframework.web.filter.OncePerRequestFilter.doFilter(OncePerRequestFilter.java:116)
	at org.springframework.security.web.FilterChainProxy$VirtualFilterChain.doFilter(FilterChainProxy.java:374)
	at org.springframework.security.web.context.SecurityContextHolderFilter.doFilter(SecurityContextHolderFilter.java:82)
	at org.springframework.security.web.context.SecurityContextHolderFilter.doFilter(SecurityContextHolderFilter.java:69)
	at org.springframework.security.web.FilterChainProxy$VirtualFilterChain.doFilter(FilterChainProxy.java:374)
	at org.springframework.security.web.context.request.async.WebAsyncManagerIntegrationFilter.doFilterInternal(WebAsyncManagerIntegrationFilter.java:62)
	at org.springframework.web.filter.OncePerRequestFilter.doFilter(OncePerRequestFilter.java:116)
	at org.springframework.security.web.FilterChainProxy$VirtualFilterChain.doFilter(FilterChainProxy.java:374)
	at org.springframework.security.web.session.DisableEncodeUrlFilter.doFilterInternal(DisableEncodeUrlFilter.java:42)
	at org.springframework.web.filter.OncePerRequestFilter.doFilter(OncePerRequestFilter.java:116)
	at org.springframework.security.web.FilterChainProxy$VirtualFilterChain.doFilter(FilterChainProxy.java:374)
	at org.springframework.security.web.FilterChainProxy.doFilterInternal(FilterChainProxy.java:233)
	at org.springframework.security.web.FilterChainProxy.doFilter(FilterChainProxy.java:191)
	at org.springframework.web.filter.CompositeFilter$VirtualFilterChain.doFilter(CompositeFilter.java:113)
	at org.springframework.web.servlet.handler.HandlerMappingIntrospector.lambda$createCacheFilter$3(HandlerMappingIntrospector.java:195)
	at org.springframework.web.filter.CompositeFilter$VirtualFilterChain.doFilter(CompositeFilter.java:113)
	at org.springframework.web.filter.CompositeFilter.doFilter(CompositeFilter.java:74)
	at org.springframework.security.config.annotation.web.configuration.WebMvcSecurityConfiguration$CompositeFilterChainProxy.doFilter(WebMvcSecurityConfiguration.java:225)
	at org.springframework.web.filter.DelegatingFilterProxy.invokeDelegate(DelegatingFilterProxy.java:352)
	at org.springframework.web.filter.DelegatingFilterProxy.doFilter(DelegatingFilterProxy.java:268)
	at org.apache.catalina.core.ApplicationFilterChain.internalDoFilter(ApplicationFilterChain.java:174)
	at org.apache.catalina.core.ApplicationFilterChain.doFilter(ApplicationFilterChain.java:149)
	at org.springframework.web.filter.RequestContextFilter.doFilterInternal(RequestContextFilter.java:100)
	at org.springframework.web.filter.OncePerRequestFilter.doFilter(OncePerRequestFilter.java:116)
	at org.apache.catalina.core.ApplicationFilterChain.internalDoFilter(ApplicationFilterChain.java:174)
	at org.apache.catalina.core.ApplicationFilterChain.doFilter(ApplicationFilterChain.java:149)
	at org.springframework.web.filter.FormContentFilter.doFilterInternal(FormContentFilter.java:93)
	at org.springframework.web.filter.OncePerRequestFilter.doFilter(OncePerRequestFilter.java:116)
	at org.apache.catalina.core.ApplicationFilterChain.internalDoFilter(ApplicationFilterChain.java:174)
	at org.apache.catalina.core.ApplicationFilterChain.doFilter(ApplicationFilterChain.java:149)
	at org.springframework.web.filter.CharacterEncodingFilter.doFilterInternal(CharacterEncodingFilter.java:201)
	at org.springframework.web.filter.OncePerRequestFilter.doFilter(OncePerRequestFilter.java:116)
	at org.apache.catalina.core.ApplicationFilterChain.internalDoFilter(ApplicationFilterChain.java:174)
	at org.apache.catalina.core.ApplicationFilterChain.doFilter(ApplicationFilterChain.java:149)
	at com.monitor.backend.filter.TraceIdFilter.doFilterInternal(TraceIdFilter.java:41)
	at org.springframework.web.filter.OncePerRequestFilter.doFilter(OncePerRequestFilter.java:116)
	at org.apache.catalina.core.ApplicationFilterChain.internalDoFilter(ApplicationFilterChain.java:174)
	at org.apache.catalina.core.ApplicationFilterChain.doFilter(ApplicationFilterChain.java:149)
	at org.apache.catalina.core.StandardWrapperValve.invoke(StandardWrapperValve.java:167)
	at org.apache.catalina.core.StandardContextValve.invoke(StandardContextValve.java:90)
	at org.apache.catalina.authenticator.AuthenticatorBase.invoke(AuthenticatorBase.java:482)
	at org.apache.catalina.core.StandardHostValve.invoke(StandardHostValve.java:115)
	at org.apache.catalina.valves.ErrorReportValve.invoke(ErrorReportValve.java:93)
	at org.apache.catalina.core.StandardEngineValve.invoke(StandardEngineValve.java:74)
	at org.apache.catalina.connector.CoyoteAdapter.service(CoyoteAdapter.java:340)
	at org.apache.coyote.http11.Http11Processor.service(Http11Processor.java:391)
	at org.apache.coyote.AbstractProcessorLight.process(AbstractProcessorLight.java:63)
	at org.apache.coyote.AbstractProtocol$ConnectionHandler.process(AbstractProtocol.java:896)
	at org.apache.tomcat.util.net.NioEndpoint$SocketProcessor.doRun(NioEndpoint.java:1744)
	at org.apache.tomcat.util.net.SocketProcessorBase.run(SocketProcessorBase.java:52)
	at org.apache.tomcat.util.threads.ThreadPoolExecutor.runWorker(ThreadPoolExecutor.java:1191)
	at org.apache.tomcat.util.threads.ThreadPoolExecutor$Worker.run(ThreadPoolExecutor.java:659)
	at org.apache.tomcat.util.threads.TaskThread$WrappingRunnable.run(TaskThread.java:61)
	at java.base/java.lang.Thread.run(Thread.java:840)
Caused by: java.sql.SQLIntegrityConstraintViolationException: Column 'sql_script' cannot be null
	at com.mysql.cj.jdbc.exceptions.SQLError.createSQLException(SQLError.java:118)
	at com.mysql.cj.jdbc.exceptions.SQLExceptionsMapping.translateException(SQLExceptionsMapping.java:122)
	at com.mysql.cj.jdbc.ClientPreparedStatement.executeInternal(ClientPreparedStatement.java:916)
	at com.mysql.cj.jdbc.ClientPreparedStatement.execute(ClientPreparedStatement.java:354)
	at com.zaxxer.hikari.pool.ProxyPreparedStatement.execute(ProxyPreparedStatement.java:44)
	at com.zaxxer.hikari.pool.HikariProxyPreparedStatement.execute(HikariProxyPreparedStatement.java)
	at jdk.internal.reflect.GeneratedMethodAccessor17.invoke(Unknown Source)
	at java.base/jdk.internal.reflect.DelegatingMethodAccessorImpl.invoke(DelegatingMethodAccessorImpl.java:43)
	at java.base/java.lang.reflect.Method.invoke(Method.java:569)
	at org.apache.ibatis.logging.jdbc.PreparedStatementLogger.invoke(PreparedStatementLogger.java:58)
	at jdk.proxy3/jdk.proxy3.$Proxy124.execute(Unknown Source)
	at org.apache.ibatis.executor.statement.PreparedStatementHandler.update(PreparedStatementHandler.java:48)
	at org.apache.ibatis.executor.statement.RoutingStatementHandler.update(RoutingStatementHandler.java:75)
	at org.apache.ibatis.executor.SimpleExecutor.doUpdate(SimpleExecutor.java:50)
	at org.apache.ibatis.executor.BaseExecutor.update(BaseExecutor.java:117)
	at org.apache.ibatis.executor.CachingExecutor.update(CachingExecutor.java:76)
	at java.base/jdk.internal.reflect.NativeMethodAccessorImpl.invoke0(Native Method)
	at java.base/jdk.internal.reflect.NativeMethodAccessorImpl.invoke(NativeMethodAccessorImpl.java:77)
	at java.base/jdk.internal.reflect.DelegatingMethodAccessorImpl.invoke(DelegatingMethodAccessorImpl.java:43)
	at java.base/java.lang.reflect.Method.invoke(Method.java:569)
	at org.apache.ibatis.plugin.Plugin.invoke(Plugin.java:61)
	at jdk.proxy2/jdk.proxy2.$Proxy147.update(Unknown Source)
	at org.apache.ibatis.session.defaults.DefaultSqlSession.update(DefaultSqlSession.java:197)
	at java.base/jdk.internal.reflect.NativeMethodAccessorImpl.invoke0(Native Method)
	at java.base/jdk.internal.reflect.NativeMethodAccessorImpl.invoke(NativeMethodAccessorImpl.java:77)
	at java.base/jdk.internal.reflect.DelegatingMethodAccessorImpl.invoke(DelegatingMethodAccessorImpl.java:43)
	at java.base/java.lang.reflect.Method.invoke(Method.java:569)
	at org.mybatis.spring.SqlSessionTemplate$SqlSessionInterceptor.invoke(SqlSessionTemplate.java:425)
	... 114 common frames omitted
2025-12-29 09:45:46.603 DEBUG [0ebdb75aca5045a7] [http-nio-8080-exec-4] o.s.w.s.m.m.a.HttpEntityMethodProcessor - Using 'application/json', given [application/json, text/plain, */*] and supported [application/json, application/*+json]
2025-12-29 09:45:46.603 DEBUG [0ebdb75aca5045a7] [http-nio-8080-exec-4] o.s.w.s.m.m.a.HttpEntityMethodProcessor - Writing [ApiResponse(success=false, code=500, message=系统内部错误，请稍后重试, data=null)]
2025-12-29 09:45:46.603 DEBUG [0ebdb75aca5045a7] [http-nio-8080-exec-4] o.s.w.s.m.m.a.ExceptionHandlerExceptionResolver - Resolved [org.springframework.dao.DataIntegrityViolationException: <EOL>### Error updating database.  Cause: java.sql.SQLIntegrityConstraintViolationException: Column 'sql_script' cannot be null<EOL>### The error may exist in file [/Users/yux/Documents/WorkSpace/busi-monitor/backend/target/classes/mapper/MonitorTaskMapper.xml]<EOL>### The error may involve defaultParameterMap<EOL>### The error occurred while setting parameters<EOL>### SQL: UPDATE monitor_task         SET name = ?, datasource_id = ?, sql_script = ?,             cron_expression = ?, is_active = ?, result_type = ?,             alarm_threshold_rule = ?, chart_config = ?,             is_store_data = ?, update_time = ?         WHERE id = ?<EOL>### Cause: java.sql.SQLIntegrityConstraintViolationException: Column 'sql_script' cannot be null<EOL>; Column 'sql_script' cannot be null]
2025-12-29 09:45:46.603 DEBUG [0ebdb75aca5045a7] [http-nio-8080-exec-4] o.s.web.servlet.DispatcherServlet - Completed 500 INTERNAL_SERVER_ERROR
2025-12-29 09:46:36.318 DEBUG [N/A] [MessageBroker-3] c.m.b.m.A.findNeedEscalation - ==>  Preparing: SELECT id, task_id, task_type, trigger_type, trigger_value, threshold_value, first_trigger_time, last_trigger_time, trigger_count, status, level, acknowledge_by, acknowledge_time, resolve_time, suppressed_until, message, create_time, update_time FROM alarm_active WHERE status = 'FIRING' AND TIMESTAMPDIFF(MINUTE, first_trigger_time, NOW()) >= ? ORDER BY first_trigger_time ASC
2025-12-29 09:46:36.320 DEBUG [N/A] [MessageBroker-3] c.m.b.m.A.findNeedEscalation - ==> Parameters: 30(Integer)
2025-12-29 09:46:36.324 DEBUG [N/A] [MessageBroker-3] c.m.b.m.A.findNeedEscalation - <==      Total: 1
2025-12-29 09:46:36.325 DEBUG [N/A] [MessageBroker-2] c.m.b.s.PerformanceMetricsService - Job workflowDataExtractionJob 当前运行数: 0
2025-12-29 09:47:36.326 DEBUG [N/A] [MessageBroker-1] c.m.b.m.A.findNeedEscalation - ==>  Preparing: SELECT id, task_id, task_type, trigger_type, trigger_value, threshold_value, first_trigger_time, last_trigger_time, trigger_count, status, level, acknowledge_by, acknowledge_time, resolve_time, suppressed_until, message, create_time, update_time FROM alarm_active WHERE status = 'FIRING' AND TIMESTAMPDIFF(MINUTE, first_trigger_time, NOW()) >= ? ORDER BY first_trigger_time ASC
2025-12-29 09:47:36.328 DEBUG [N/A] [MessageBroker-1] c.m.b.m.A.findNeedEscalation - ==> Parameters: 30(Integer)
2025-12-29 09:47:36.334 DEBUG [N/A] [MessageBroker-1] c.m.b.m.A.findNeedEscalation - <==      Total: 1
2025-12-29 09:47:36.336 DEBUG [N/A] [MessageBroker-9] c.m.b.s.PerformanceMetricsService - Job workflowDataExtractionJob 当前运行数: 0
2025-12-29 09:48:36.309 DEBUG [N/A] [MessageBroker-10] c.m.b.m.A.findNeedEscalation - ==>  Preparing: SELECT id, task_id, task_type, trigger_type, trigger_value, threshold_value, first_trigger_time, last_trigger_time, trigger_count, status, level, acknowledge_by, acknowledge_time, resolve_time, suppressed_until, message, create_time, update_time FROM alarm_active WHERE status = 'FIRING' AND TIMESTAMPDIFF(MINUTE, first_trigger_time, NOW()) >= ? ORDER BY first_trigger_time ASC
2025-12-29 09:48:36.311 DEBUG [N/A] [MessageBroker-10] c.m.b.m.A.findNeedEscalation - ==> Parameters: 30(Integer)
2025-12-29 09:48:36.316 DEBUG [N/A] [MessageBroker-10] c.m.b.m.A.findNeedEscalation - <==      Total: 1
2025-12-29 09:48:36.317 DEBUG [N/A] [MessageBroker-7] c.m.b.s.PerformanceMetricsService - Job workflowDataExtractionJob 当前运行数: 0
2025-12-29 09:49:40.537 DEBUG [N/A] [MessageBroker-9] c.m.b.m.A.findNeedEscalation - ==>  Preparing: SELECT id, task_id, task_type, trigger_type, trigger_value, threshold_value, first_trigger_time, last_trigger_time, trigger_count, status, level, acknowledge_by, acknowledge_time, resolve_time, suppressed_until, message, create_time, update_time FROM alarm_active WHERE status = 'FIRING' AND TIMESTAMPDIFF(MINUTE, first_trigger_time, NOW()) >= ? ORDER BY first_trigger_time ASC
2025-12-29 09:49:40.543 DEBUG [N/A] [MessageBroker-9] c.m.b.m.A.findNeedEscalation - ==> Parameters: 30(Integer)
2025-12-29 09:49:40.560 DEBUG [N/A] [MessageBroker-9] c.m.b.m.A.findNeedEscalation - <==      Total: 1
2025-12-29 09:49:40.564 DEBUG [N/A] [MessageBroker-6] c.m.b.s.PerformanceMetricsService - Job workflowDataExtractionJob 当前运行数: 0
2025-12-29 09:50:04.224 DEBUG [N/A] [ServerMonitorJob-1] c.m.b.m.S.findById - ==>  Preparing: SELECT id, name, server_id, template_id, collect_script, params, threshold_rule, cron_expression, alarm_channels, alarm_template_id, is_active, last_run_time, last_run_status, last_run_value, create_time, update_time FROM server_monitor_task WHERE id = ?
2025-12-29 09:50:04.224 DEBUG [N/A] [ServerMonitorJob-6] c.m.b.m.S.findById - ==>  Preparing: SELECT id, name, server_id, template_id, collect_script, params, threshold_rule, cron_expression, alarm_channels, alarm_template_id, is_active, last_run_time, last_run_status, last_run_value, create_time, update_time FROM server_monitor_task WHERE id = ?
2025-12-29 09:50:04.224 DEBUG [N/A] [ServerMonitorJob-5] c.m.b.m.S.findById - ==>  Preparing: SELECT id, name, server_id, template_id, collect_script, params, threshold_rule, cron_expression, alarm_channels, alarm_template_id, is_active, last_run_time, last_run_status, last_run_value, create_time, update_time FROM server_monitor_task WHERE id = ?
2025-12-29 09:50:04.224 DEBUG [N/A] [ServerMonitorJob-3] c.m.b.m.S.findById - ==>  Preparing: SELECT id, name, server_id, template_id, collect_script, params, threshold_rule, cron_expression, alarm_channels, alarm_template_id, is_active, last_run_time, last_run_status, last_run_value, create_time, update_time FROM server_monitor_task WHERE id = ?
2025-12-29 09:50:04.229 DEBUG [N/A] [ServerMonitorJob-3] c.m.b.m.S.findById - ==> Parameters: 15(Long)
2025-12-29 09:50:04.229 DEBUG [N/A] [ServerMonitorJob-6] c.m.b.m.S.findById - ==> Parameters: 3(Long)
2025-12-29 09:50:04.229 DEBUG [N/A] [ServerMonitorJob-1] c.m.b.m.S.findById - ==> Parameters: 8(Long)
2025-12-29 09:50:04.229 DEBUG [N/A] [ServerMonitorJob-5] c.m.b.m.S.findById - ==> Parameters: 16(Long)
2025-12-29 09:50:04.242 DEBUG [N/A] [ServerMonitorJob-1] c.m.b.m.S.findById - <==      Total: 1
2025-12-29 09:50:04.242 DEBUG [N/A] [ServerMonitorJob-5] c.m.b.m.S.findById - <==      Total: 1
2025-12-29 09:50:04.242 DEBUG [N/A] [ServerMonitorJob-6] c.m.b.m.S.findById - <==      Total: 1
2025-12-29 09:50:04.242 DEBUG [N/A] [ServerMonitorJob-3] c.m.b.m.S.findById - <==      Total: 1
2025-12-29 09:50:04.242 DEBUG [N/A] [ServerMonitorJob-6] c.m.b.m.ServerAssetMapper.findById - ==>  Preparing: SELECT id, name, ip, port, username, auth_type, password_encrypted, private_key_encrypted, group_id, tags, is_active, last_check_time, last_check_status, create_time, update_time FROM server_asset WHERE id = ?
2025-12-29 09:50:04.242 DEBUG [N/A] [ServerMonitorJob-3] c.m.b.m.ServerAssetMapper.findById - ==>  Preparing: SELECT id, name, ip, port, username, auth_type, password_encrypted, private_key_encrypted, group_id, tags, is_active, last_check_time, last_check_status, create_time, update_time FROM server_asset WHERE id = ?
2025-12-29 09:50:04.242 DEBUG [N/A] [ServerMonitorJob-5] c.m.b.m.ServerAssetMapper.findById - ==>  Preparing: SELECT id, name, ip, port, username, auth_type, password_encrypted, private_key_encrypted, group_id, tags, is_active, last_check_time, last_check_status, create_time, update_time FROM server_asset WHERE id = ?
2025-12-29 09:50:04.242 DEBUG [N/A] [ServerMonitorJob-1] c.m.b.m.ServerAssetMapper.findById - ==>  Preparing: SELECT id, name, ip, port, username, auth_type, password_encrypted, private_key_encrypted, group_id, tags, is_active, last_check_time, last_check_status, create_time, update_time FROM server_asset WHERE id = ?
2025-12-29 09:50:04.242 DEBUG [N/A] [ServerMonitorJob-3] c.m.b.m.ServerAssetMapper.findById - ==> Parameters: 1(Long)
2025-12-29 09:50:04.242 DEBUG [N/A] [ServerMonitorJob-6] c.m.b.m.ServerAssetMapper.findById - ==> Parameters: 1(Long)
2025-12-29 09:50:04.242 DEBUG [N/A] [ServerMonitorJob-5] c.m.b.m.ServerAssetMapper.findById - ==> Parameters: 1(Long)
2025-12-29 09:50:04.243 DEBUG [N/A] [ServerMonitorJob-1] c.m.b.m.ServerAssetMapper.findById - ==> Parameters: 2(Long)
2025-12-29 09:50:04.246 DEBUG [N/A] [ServerMonitorJob-1] c.m.b.m.ServerAssetMapper.findById - <==      Total: 1
2025-12-29 09:50:04.246 DEBUG [N/A] [ServerMonitorJob-5] c.m.b.m.ServerAssetMapper.findById - <==      Total: 1
2025-12-29 09:50:04.246 DEBUG [N/A] [ServerMonitorJob-6] c.m.b.m.ServerAssetMapper.findById - <==      Total: 1
2025-12-29 09:50:04.246 DEBUG [N/A] [ServerMonitorJob-3] c.m.b.m.ServerAssetMapper.findById - <==      Total: 1
2025-12-29 09:50:04.246 INFO  [N/A] [ServerMonitorJob-1] c.m.b.s.ServerMonitorTaskScheduler - 执行服务器监控任务: 内存使用率 [192.168.3.20]
2025-12-29 09:50:04.246 INFO  [N/A] [ServerMonitorJob-3] c.m.b.s.ServerMonitorTaskScheduler - 执行服务器监控任务: 网络连通性 [127.0.0.1]
2025-12-29 09:50:04.246 INFO  [N/A] [ServerMonitorJob-6] c.m.b.s.ServerMonitorTaskScheduler - 执行服务器监控任务: 磁盘使用率 [127.0.0.1]
2025-12-29 09:50:04.246 INFO  [N/A] [ServerMonitorJob-5] c.m.b.s.ServerMonitorTaskScheduler - 执行服务器监控任务: 内存使用率 [127.0.0.1]
2025-12-29 09:50:04.247 DEBUG [N/A] [ServerMonitorJob-1] c.m.b.service.SshExecutorService - Creating SSH session to syiptv@192.168.3.20:22
2025-12-29 09:50:04.247 DEBUG [N/A] [ServerMonitorJob-5] c.m.b.service.SshExecutorService - Executing script locally
2025-12-29 09:50:04.247 DEBUG [N/A] [ServerMonitorJob-3] c.m.b.service.SshExecutorService - Executing script locally
2025-12-29 09:50:04.247 DEBUG [N/A] [ServerMonitorJob-6] c.m.b.service.SshExecutorService - Executing script locally
2025-12-29 09:50:04.249 DEBUG [N/A] [ServerMonitorJob-1] c.m.b.service.SshExecutorService - Using password authentication (decrypted from passwordEncrypted)
2025-12-29 09:50:04.264 DEBUG [N/A] [ServerMonitorJob-5] c.m.b.m.S.updateRunStatus - ==>  Preparing: UPDATE server_monitor_task SET last_run_time = ?, last_run_status = ?, last_run_value = ? WHERE id = ?
2025-12-29 09:50:04.264 DEBUG [N/A] [ServerMonitorJob-6] c.m.b.m.S.updateRunStatus - ==>  Preparing: UPDATE server_monitor_task SET last_run_time = ?, last_run_status = ?, last_run_value = ? WHERE id = ?
2025-12-29 09:50:04.264 DEBUG [N/A] [ServerMonitorJob-5] c.m.b.m.S.updateRunStatus - ==> Parameters: 2025-12-29T09:50:04.263784(LocalDateTime), SUCCESS(String), bash: free: command not found(String), 16(Long)
2025-12-29 09:50:04.264 DEBUG [N/A] [ServerMonitorJob-6] c.m.b.m.S.updateRunStatus - ==> Parameters: 2025-12-29T09:50:04.263975(LocalDateTime), SUCCESS(String), 53(String), 3(Long)
2025-12-29 09:50:04.264 DEBUG [N/A] [ServerMonitorJob-3] c.m.b.m.S.updateRunStatus - ==>  Preparing: UPDATE server_monitor_task SET last_run_time = ?, last_run_status = ?, last_run_value = ? WHERE id = ?
2025-12-29 09:50:04.264 DEBUG [N/A] [ServerMonitorJob-3] c.m.b.m.S.updateRunStatus - ==> Parameters: 2025-12-29T09:50:04.264630(LocalDateTime), SUCCESS(String), 0(String), 15(Long)
2025-12-29 09:50:04.274 DEBUG [N/A] [ServerMonitorJob-5] c.m.b.m.S.updateRunStatus - <==    Updates: 1
2025-12-29 09:50:04.274 DEBUG [N/A] [ServerMonitorJob-3] c.m.b.m.S.updateRunStatus - <==    Updates: 1
2025-12-29 09:50:04.275 DEBUG [N/A] [ServerMonitorJob-6] c.m.b.m.S.updateRunStatus - <==    Updates: 1
2025-12-29 09:50:04.275 INFO  [N/A] [ServerMonitorJob-5] c.m.b.s.ServerMonitorTaskScheduler - 服务器监控任务执行成功: 内存使用率 = bash: free: command not found
2025-12-29 09:50:04.275 WARN  [N/A] [ServerMonitorJob-6] c.m.b.s.ServerMonitorTaskScheduler - 服务器告警触发: 磁盘使用率 [127.0.0.1] - 值: 53.0 > 50.0
2025-12-29 09:50:04.276 DEBUG [N/A] [ServerMonitorJob-3] c.m.b.m.A.findByTaskAndType - ==>  Preparing: SELECT id, task_id, task_type, trigger_type, trigger_value, threshold_value, first_trigger_time, last_trigger_time, trigger_count, status, level, acknowledge_by, acknowledge_time, resolve_time, suppressed_until, message, create_time, update_time FROM alarm_active WHERE task_id = ? AND task_type = ? AND status != 'RESOLVED' LIMIT 1
2025-12-29 09:50:04.276 INFO  [N/A] [ServerMonitorJob-6] c.monitor.backend.alarm.AlarmService - 告警触发: taskId=3, taskType=SERVER_MONITOR, value=53.0, threshold=50.0
2025-12-29 09:50:04.276 DEBUG [N/A] [ServerMonitorJob-6] c.m.b.m.A.findByTaskAndType - ==>  Preparing: SELECT id, task_id, task_type, trigger_type, trigger_value, threshold_value, first_trigger_time, last_trigger_time, trigger_count, status, level, acknowledge_by, acknowledge_time, resolve_time, suppressed_until, message, create_time, update_time FROM alarm_active WHERE task_id = ? AND task_type = ? AND status != 'RESOLVED' LIMIT 1
2025-12-29 09:50:04.276 DEBUG [N/A] [ServerMonitorJob-3] c.m.b.m.A.findByTaskAndType - ==> Parameters: 15(Long), SERVER_MONITOR(String)
2025-12-29 09:50:04.276 DEBUG [N/A] [ServerMonitorJob-6] c.m.b.m.A.findByTaskAndType - ==> Parameters: 3(Long), SERVER_MONITOR(String)
2025-12-29 09:50:04.278 DEBUG [N/A] [ServerMonitorJob-3] c.m.b.m.A.findByTaskAndType - <==      Total: 0
2025-12-29 09:50:04.278 INFO  [N/A] [ServerMonitorJob-3] c.m.b.s.ServerMonitorTaskScheduler - 服务器监控任务执行成功: 网络连通性 = 0
2025-12-29 09:50:04.278 DEBUG [N/A] [ServerMonitorJob-6] c.m.b.m.A.findByTaskAndType - <==      Total: 1
2025-12-29 09:50:04.278 DEBUG [N/A] [ServerMonitorJob-6] c.m.b.m.AlarmTemplateMapper.findById - ==>  Preparing: SELECT id, name, subject, content, content_type, is_default, create_time, update_time FROM alarm_template WHERE id = ?
2025-12-29 09:50:04.278 DEBUG [N/A] [ServerMonitorJob-6] c.m.b.m.AlarmTemplateMapper.findById - ==> Parameters: 20(Long)
2025-12-29 09:50:04.280 DEBUG [N/A] [ServerMonitorJob-6] c.m.b.m.AlarmTemplateMapper.findById - <==      Total: 1
2025-12-29 09:50:04.280 DEBUG [N/A] [ServerMonitorJob-6] c.m.b.m.AlarmActiveMapper.update - ==>  Preparing: UPDATE alarm_active SET trigger_value = ?, threshold_value = ?, last_trigger_time = ?, trigger_count = ?, status = ?, level = ?, acknowledge_by = ?, acknowledge_time = ?, resolve_time = ?, suppressed_until = ?, message = ?, update_time = NOW() WHERE id = ?
2025-12-29 09:50:04.281 DEBUG [N/A] [ServerMonitorJob-6] c.m.b.m.AlarmActiveMapper.update - ==> Parameters: 53.0(Double), 50.0(Double), 2025-12-29T09:50:04.278687(LocalDateTime), 6(Integer), FIRING(String), CRITICAL(String), null, null, null, null, > 服务名：**磁盘使用率 [本机测试]**
> IP：**127.0.0.1**
> 内容：磁盘${path}使用率53.00%，超过阈值***50.00%***(String), 9(Long)
2025-12-29 09:50:04.285 DEBUG [N/A] [ServerMonitorJob-6] c.m.b.m.AlarmActiveMapper.update - <==    Updates: 1
2025-12-29 09:50:04.286 INFO  [N/A] [ServerMonitorJob-6] c.monitor.backend.alarm.AlarmService - 更新告警: id=9, triggerCount=6
2025-12-29 09:50:04.288 DEBUG [N/A] [ServerMonitorJob-6] org.springframework.web.SimpLogging - Processing MESSAGE destination=/topic/alarm session=null payload={"type":"FIRING","id":9,"taskId":3,"taskType":"SERVER_MONITOR","level":"CRITICAL...(truncated)
2025-12-29 09:50:04.288 DEBUG [N/A] [ServerMonitorJob-6] org.springframework.web.SimpLogging - Broadcasting to 1 sessions.
2025-12-29 09:50:04.290 INFO  [N/A] [ServerMonitorJob-6] c.m.b.alarm.AlarmWebSocketService - 告警广播成功: alarmId=9, level=CRITICAL
2025-12-29 09:50:04.290 DEBUG [N/A] [ServerMonitorJob-6] c.m.b.m.AlarmChannelMapper.findById - ==>  Preparing: SELECT id, name, type, config, is_active, create_time, update_time FROM alarm_channel WHERE id = ?
2025-12-29 09:50:04.290 DEBUG [N/A] [ServerMonitorJob-6] c.m.b.m.AlarmChannelMapper.findById - ==> Parameters: 4(Long)
2025-12-29 09:50:04.292 DEBUG [N/A] [ServerMonitorJob-6] c.m.b.m.AlarmChannelMapper.findById - <==      Total: 1
2025-12-29 09:50:04.292 DEBUG [N/A] [ServerMonitorJob-6] c.m.b.m.AlarmTemplateMapper.findById - ==>  Preparing: SELECT id, name, subject, content, content_type, is_default, create_time, update_time FROM alarm_template WHERE id = ?
2025-12-29 09:50:04.292 DEBUG [N/A] [ServerMonitorJob-6] c.m.b.m.AlarmTemplateMapper.findById - ==> Parameters: 20(Long)
2025-12-29 09:50:04.293 DEBUG [N/A] [ServerMonitorJob-6] c.m.b.m.AlarmTemplateMapper.findById - <==      Total: 1
2025-12-29 09:50:04.583 INFO  [N/A] [ServerMonitorJob-6] c.m.b.alarm.sender.WeChatAlarmSender - 企业微信告警发送成功: taskName=磁盘使用率 [本机测试]
2025-12-29 09:50:04.584 DEBUG [N/A] [ServerMonitorJob-6] c.m.b.m.AlarmHistoryMapper.insert - ==>  Preparing: INSERT INTO alarm_history(task_id, channel_id, trigger_time, trigger_type, trigger_value, threshold_value, message, is_success, error_message) VALUES(?, ?, ?, ?, ?, ?, ?, ?, ?)
2025-12-29 09:50:04.584 DEBUG [N/A] [ServerMonitorJob-6] c.m.b.m.AlarmHistoryMapper.insert - ==> Parameters: 3(Long), 4(Long), 2025-12-29T09:50:04.583804(LocalDateTime), THRESHOLD(String), 53.0(Double), 50.0(Double), > 服务名：**磁盘使用率 [本机测试]**
> IP：**127.0.0.1**
> 内容：磁盘${path}使用率53.00%，超过阈值***50.00%***(String), 1(Integer), null
2025-12-29 09:50:04.591 DEBUG [N/A] [ServerMonitorJob-6] c.m.b.m.AlarmHistoryMapper.insert - <==    Updates: 1
2025-12-29 09:50:04.591 DEBUG [N/A] [ServerMonitorJob-6] c.m.b.m.AlarmChannelMapper.findById - ==>  Preparing: SELECT id, name, type, config, is_active, create_time, update_time FROM alarm_channel WHERE id = ?
2025-12-29 09:50:04.591 DEBUG [N/A] [ServerMonitorJob-6] c.m.b.m.AlarmChannelMapper.findById - ==> Parameters: 3(Long)
2025-12-29 09:50:04.593 DEBUG [N/A] [ServerMonitorJob-6] c.m.b.m.AlarmChannelMapper.findById - <==      Total: 1
2025-12-29 09:50:04.593 DEBUG [N/A] [ServerMonitorJob-6] c.m.b.m.AlarmTemplateMapper.findById - ==>  Preparing: SELECT id, name, subject, content, content_type, is_default, create_time, update_time FROM alarm_template WHERE id = ?
2025-12-29 09:50:04.593 DEBUG [N/A] [ServerMonitorJob-6] c.m.b.m.AlarmTemplateMapper.findById - ==> Parameters: 20(Long)
2025-12-29 09:50:04.594 DEBUG [N/A] [ServerMonitorJob-6] c.m.b.m.AlarmTemplateMapper.findById - <==      Total: 1
2025-12-29 09:50:04.840 INFO  [N/A] [ServerMonitorJob-6] c.m.b.a.sender.DingTalkAlarmSender - 钉钉告警发送成功: taskName=磁盘使用率 [本机测试]
2025-12-29 09:50:04.841 DEBUG [N/A] [ServerMonitorJob-6] c.m.b.m.AlarmHistoryMapper.insert - ==>  Preparing: INSERT INTO alarm_history(task_id, channel_id, trigger_time, trigger_type, trigger_value, threshold_value, message, is_success, error_message) VALUES(?, ?, ?, ?, ?, ?, ?, ?, ?)
2025-12-29 09:50:04.842 DEBUG [N/A] [ServerMonitorJob-6] c.m.b.m.AlarmHistoryMapper.insert - ==> Parameters: 3(Long), 3(Long), 2025-12-29T09:50:04.841041(LocalDateTime), THRESHOLD(String), 53.0(Double), 50.0(Double), > 服务名：**磁盘使用率 [本机测试]**
> IP：**127.0.0.1**
> 内容：磁盘${path}使用率53.00%，超过阈值***50.00%***(String), 1(Integer), null
2025-12-29 09:50:04.850 INFO  [N/A] [ServerMonitorJob-1] c.m.b.service.SshExecutorService - SSH session connected to syiptv@192.168.3.20
2025-12-29 09:50:04.852 DEBUG [N/A] [ServerMonitorJob-6] c.m.b.m.AlarmHistoryMapper.insert - <==    Updates: 1
2025-12-29 09:50:04.853 DEBUG [N/A] [ServerMonitorJob-6] c.m.b.m.AlarmChannelMapper.findById - ==>  Preparing: SELECT id, name, type, config, is_active, create_time, update_time FROM alarm_channel WHERE id = ?
2025-12-29 09:50:04.853 DEBUG [N/A] [ServerMonitorJob-6] c.m.b.m.AlarmChannelMapper.findById - ==> Parameters: 2(Long)
2025-12-29 09:50:04.856 DEBUG [N/A] [ServerMonitorJob-6] c.m.b.m.AlarmChannelMapper.findById - <==      Total: 1
2025-12-29 09:50:04.857 DEBUG [N/A] [ServerMonitorJob-6] c.m.b.m.AlarmTemplateMapper.findById - ==>  Preparing: SELECT id, name, subject, content, content_type, is_default, create_time, update_time FROM alarm_template WHERE id = ?
2025-12-29 09:50:04.857 DEBUG [N/A] [ServerMonitorJob-6] c.m.b.m.AlarmTemplateMapper.findById - ==> Parameters: 20(Long)
2025-12-29 09:50:04.860 DEBUG [N/A] [ServerMonitorJob-6] c.m.b.m.AlarmTemplateMapper.findById - <==      Total: 1
2025-12-29 09:50:05.063 DEBUG [N/A] [ServerMonitorJob-1] c.m.b.service.SshExecutorService - SSH session disconnected
2025-12-29 09:50:05.066 DEBUG [N/A] [ServerMonitorJob-1] c.m.b.m.S.updateRunStatus - ==>  Preparing: UPDATE server_monitor_task SET last_run_time = ?, last_run_status = ?, last_run_value = ? WHERE id = ?
2025-12-29 09:50:05.067 DEBUG [N/A] [ServerMonitorJob-1] c.m.b.m.S.updateRunStatus - ==> Parameters: 2025-12-29T09:50:05.064045(LocalDateTime), SUCCESS(String), 68(String), 8(Long)
2025-12-29 09:50:05.086 DEBUG [N/A] [ServerMonitorJob-1] c.m.b.m.S.updateRunStatus - <==    Updates: 1
2025-12-29 09:50:05.086 DEBUG [N/A] [ServerMonitorJob-1] c.m.b.m.A.findByTaskAndType - ==>  Preparing: SELECT id, task_id, task_type, trigger_type, trigger_value, threshold_value, first_trigger_time, last_trigger_time, trigger_count, status, level, acknowledge_by, acknowledge_time, resolve_time, suppressed_until, message, create_time, update_time FROM alarm_active WHERE task_id = ? AND task_type = ? AND status != 'RESOLVED' LIMIT 1
2025-12-29 09:50:05.086 DEBUG [N/A] [ServerMonitorJob-1] c.m.b.m.A.findByTaskAndType - ==> Parameters: 8(Long), SERVER_MONITOR(String)
2025-12-29 09:50:05.087 DEBUG [N/A] [ServerMonitorJob-1] c.m.b.m.A.findByTaskAndType - <==      Total: 0
2025-12-29 09:50:05.087 INFO  [N/A] [ServerMonitorJob-1] c.m.b.s.ServerMonitorTaskScheduler - 服务器监控任务执行成功: 内存使用率 = 68
2025-12-29 09:50:06.113 INFO  [N/A] [ServerMonitorJob-6] c.m.b.alarm.sender.EmailAlarmSender - 邮件告警发送成功: to=yuxc.gm@gmail.com, subject=【告警】磁盘使用率 [本机测试]
2025-12-29 09:50:06.116 DEBUG [N/A] [ServerMonitorJob-6] c.m.b.m.AlarmHistoryMapper.insert - ==>  Preparing: INSERT INTO alarm_history(task_id, channel_id, trigger_time, trigger_type, trigger_value, threshold_value, message, is_success, error_message) VALUES(?, ?, ?, ?, ?, ?, ?, ?, ?)
2025-12-29 09:50:06.116 DEBUG [N/A] [ServerMonitorJob-6] c.m.b.m.AlarmHistoryMapper.insert - ==> Parameters: 3(Long), 2(Long), 2025-12-29T09:50:06.114062(LocalDateTime), THRESHOLD(String), 53.0(Double), 50.0(Double), > 服务名：**磁盘使用率 [本机测试]**
> IP：**127.0.0.1**
> 内容：磁盘${path}使用率53.00%，超过阈值***50.00%***(String), 1(Integer), null
2025-12-29 09:50:06.123 DEBUG [N/A] [ServerMonitorJob-6] c.m.b.m.AlarmHistoryMapper.insert - <==    Updates: 1
2025-12-29 09:50:06.130 DEBUG [N/A] [ServerMonitorJob-6] c.m.b.m.AlarmChannelMapper.findById - ==>  Preparing: SELECT id, name, type, config, is_active, create_time, update_time FROM alarm_channel WHERE id = ?
2025-12-29 09:50:06.130 DEBUG [N/A] [ServerMonitorJob-6] c.m.b.m.AlarmChannelMapper.findById - ==> Parameters: 1(Long)
2025-12-29 09:50:06.132 DEBUG [N/A] [ServerMonitorJob-6] c.m.b.m.AlarmChannelMapper.findById - <==      Total: 1
2025-12-29 09:50:06.132 DEBUG [N/A] [ServerMonitorJob-6] c.m.b.m.AlarmTemplateMapper.findById - ==>  Preparing: SELECT id, name, subject, content, content_type, is_default, create_time, update_time FROM alarm_template WHERE id = ?
2025-12-29 09:50:06.132 DEBUG [N/A] [ServerMonitorJob-6] c.m.b.m.AlarmTemplateMapper.findById - ==> Parameters: 20(Long)
2025-12-29 09:50:06.134 DEBUG [N/A] [ServerMonitorJob-6] c.m.b.m.AlarmTemplateMapper.findById - <==      Total: 1
2025-12-29 09:50:06.134 INFO  [N/A] [ServerMonitorJob-6] c.m.b.a.s.AnnouncementAlarmSender - 系统公告通道准备就绪: taskName=磁盘使用率 [本机测试]
2025-12-29 09:50:06.134 DEBUG [N/A] [ServerMonitorJob-6] c.m.b.m.AlarmHistoryMapper.insert - ==>  Preparing: INSERT INTO alarm_history(task_id, channel_id, trigger_time, trigger_type, trigger_value, threshold_value, message, is_success, error_message) VALUES(?, ?, ?, ?, ?, ?, ?, ?, ?)
2025-12-29 09:50:06.134 DEBUG [N/A] [ServerMonitorJob-6] c.m.b.m.AlarmHistoryMapper.insert - ==> Parameters: 3(Long), 1(Long), 2025-12-29T09:50:06.134323(LocalDateTime), THRESHOLD(String), 53.0(Double), 50.0(Double), > 服务名：**磁盘使用率 [本机测试]**
> IP：**127.0.0.1**
> 内容：磁盘${path}使用率53.00%，超过阈值***50.00%***(String), 1(Integer), null
2025-12-29 09:50:06.138 DEBUG [N/A] [ServerMonitorJob-6] c.m.b.m.AlarmHistoryMapper.insert - <==    Updates: 1
2025-12-29 09:50:06.139 INFO  [N/A] [ServerMonitorJob-6] c.m.b.s.ServerMonitorTaskScheduler - 服务器监控任务执行成功: 磁盘使用率 = 53
2025-12-29 09:50:40.530 DEBUG [N/A] [MessageBroker-10] c.m.b.m.A.findNeedEscalation - ==>  Preparing: SELECT id, task_id, task_type, trigger_type, trigger_value, threshold_value, first_trigger_time, last_trigger_time, trigger_count, status, level, acknowledge_by, acknowledge_time, resolve_time, suppressed_until, message, create_time, update_time FROM alarm_active WHERE status = 'FIRING' AND TIMESTAMPDIFF(MINUTE, first_trigger_time, NOW()) >= ? ORDER BY first_trigger_time ASC
2025-12-29 09:50:40.534 DEBUG [N/A] [MessageBroker-10] c.m.b.m.A.findNeedEscalation - ==> Parameters: 30(Integer)
2025-12-29 09:50:40.539 DEBUG [N/A] [MessageBroker-10] c.m.b.m.A.findNeedEscalation - <==      Total: 1
2025-12-29 09:50:40.541 DEBUG [N/A] [MessageBroker-4] c.m.b.s.PerformanceMetricsService - Job workflowDataExtractionJob 当前运行数: 0
2025-12-29 09:51:40.526 DEBUG [N/A] [MessageBroker-9] c.m.b.m.A.findNeedEscalation - ==>  Preparing: SELECT id, task_id, task_type, trigger_type, trigger_value, threshold_value, first_trigger_time, last_trigger_time, trigger_count, status, level, acknowledge_by, acknowledge_time, resolve_time, suppressed_until, message, create_time, update_time FROM alarm_active WHERE status = 'FIRING' AND TIMESTAMPDIFF(MINUTE, first_trigger_time, NOW()) >= ? ORDER BY first_trigger_time ASC
2025-12-29 09:51:40.528 DEBUG [N/A] [MessageBroker-9] c.m.b.m.A.findNeedEscalation - ==> Parameters: 30(Integer)
2025-12-29 09:51:40.542 DEBUG [N/A] [MessageBroker-3] c.m.b.s.PerformanceMetricsService - Job workflowDataExtractionJob 当前运行数: 0
2025-12-29 09:51:40.544 DEBUG [N/A] [MessageBroker-9] c.m.b.m.A.findNeedEscalation - <==      Total: 1
2025-12-29 09:52:40.519 DEBUG [N/A] [MessageBroker-6] c.m.b.m.A.findNeedEscalation - ==>  Preparing: SELECT id, task_id, task_type, trigger_type, trigger_value, threshold_value, first_trigger_time, last_trigger_time, trigger_count, status, level, acknowledge_by, acknowledge_time, resolve_time, suppressed_until, message, create_time, update_time FROM alarm_active WHERE status = 'FIRING' AND TIMESTAMPDIFF(MINUTE, first_trigger_time, NOW()) >= ? ORDER BY first_trigger_time ASC
2025-12-29 09:52:40.521 DEBUG [N/A] [MessageBroker-6] c.m.b.m.A.findNeedEscalation - ==> Parameters: 30(Integer)
2025-12-29 09:52:40.545 DEBUG [N/A] [MessageBroker-6] c.m.b.m.A.findNeedEscalation - <==      Total: 1
2025-12-29 09:52:40.547 DEBUG [N/A] [MessageBroker-7] c.m.b.s.PerformanceMetricsService - Job workflowDataExtractionJob 当前运行数: 0
2025-12-29 09:53:40.518 DEBUG [N/A] [MessageBroker-6] c.m.b.m.A.findNeedEscalation - ==>  Preparing: SELECT id, task_id, task_type, trigger_type, trigger_value, threshold_value, first_trigger_time, last_trigger_time, trigger_count, status, level, acknowledge_by, acknowledge_time, resolve_time, suppressed_until, message, create_time, update_time FROM alarm_active WHERE status = 'FIRING' AND TIMESTAMPDIFF(MINUTE, first_trigger_time, NOW()) >= ? ORDER BY first_trigger_time ASC
2025-12-29 09:53:40.520 DEBUG [N/A] [MessageBroker-6] c.m.b.m.A.findNeedEscalation - ==> Parameters: 30(Integer)
2025-12-29 09:53:40.526 DEBUG [N/A] [MessageBroker-6] c.m.b.m.A.findNeedEscalation - <==      Total: 1
2025-12-29 09:53:40.528 DEBUG [N/A] [MessageBroker-7] c.m.b.s.PerformanceMetricsService - Job workflowDataExtractionJob 当前运行数: 0
2025-12-29 09:54:40.506 DEBUG [N/A] [MessageBroker-7] c.m.b.m.A.findNeedEscalation - ==>  Preparing: SELECT id, task_id, task_type, trigger_type, trigger_value, threshold_value, first_trigger_time, last_trigger_time, trigger_count, status, level, acknowledge_by, acknowledge_time, resolve_time, suppressed_until, message, create_time, update_time FROM alarm_active WHERE status = 'FIRING' AND TIMESTAMPDIFF(MINUTE, first_trigger_time, NOW()) >= ? ORDER BY first_trigger_time ASC
2025-12-29 09:54:40.507 DEBUG [N/A] [MessageBroker-7] c.m.b.m.A.findNeedEscalation - ==> Parameters: 30(Integer)
2025-12-29 09:54:40.516 DEBUG [N/A] [MessageBroker-7] c.m.b.m.A.findNeedEscalation - <==      Total: 1
2025-12-29 09:54:40.517 DEBUG [N/A] [MessageBroker-5] c.m.b.s.PerformanceMetricsService - Job workflowDataExtractionJob 当前运行数: 0
2025-12-29 09:54:59.996 DEBUG [N/A] [ServerMonitorJob-2] c.m.b.m.S.findById - ==>  Preparing: SELECT id, name, server_id, template_id, collect_script, params, threshold_rule, cron_expression, alarm_channels, alarm_template_id, is_active, last_run_time, last_run_status, last_run_value, create_time, update_time FROM server_monitor_task WHERE id = ?
2025-12-29 09:54:59.996 DEBUG [N/A] [ServerMonitorJob-4] c.m.b.m.S.findById - ==>  Preparing: SELECT id, name, server_id, template_id, collect_script, params, threshold_rule, cron_expression, alarm_channels, alarm_template_id, is_active, last_run_time, last_run_status, last_run_value, create_time, update_time FROM server_monitor_task WHERE id = ?
2025-12-29 09:54:59.996 DEBUG [N/A] [ServerMonitorJob-7] c.m.b.m.S.findById - ==>  Preparing: SELECT id, name, server_id, template_id, collect_script, params, threshold_rule, cron_expression, alarm_channels, alarm_template_id, is_active, last_run_time, last_run_status, last_run_value, create_time, update_time FROM server_monitor_task WHERE id = ?
2025-12-29 09:54:59.997 DEBUG [N/A] [ServerMonitorJob-2] c.m.b.m.S.findById - ==> Parameters: 16(Long)
2025-12-29 09:54:59.996 DEBUG [N/A] [ServerMonitorJob-8] c.m.b.m.S.findById - ==>  Preparing: SELECT id, name, server_id, template_id, collect_script, params, threshold_rule, cron_expression, alarm_channels, alarm_template_id, is_active, last_run_time, last_run_status, last_run_value, create_time, update_time FROM server_monitor_task WHERE id = ?
2025-12-29 09:54:59.997 DEBUG [N/A] [ServerMonitorJob-4] c.m.b.m.S.findById - ==> Parameters: 8(Long)
2025-12-29 09:54:59.997 DEBUG [N/A] [ServerMonitorJob-7] c.m.b.m.S.findById - ==> Parameters: 15(Long)
2025-12-29 09:54:59.997 DEBUG [N/A] [ServerMonitorJob-8] c.m.b.m.S.findById - ==> Parameters: 3(Long)
2025-12-29 09:55:00.002 DEBUG [N/A] [ServerMonitorJob-7] c.m.b.m.S.findById - <==      Total: 1
2025-12-29 09:55:00.002 DEBUG [N/A] [ServerMonitorJob-2] c.m.b.m.S.findById - <==      Total: 1
2025-12-29 09:55:00.002 DEBUG [N/A] [ServerMonitorJob-4] c.m.b.m.S.findById - <==      Total: 1
2025-12-29 09:55:00.003 DEBUG [N/A] [ServerMonitorJob-4] c.m.b.m.ServerAssetMapper.findById - ==>  Preparing: SELECT id, name, ip, port, username, auth_type, password_encrypted, private_key_encrypted, group_id, tags, is_active, last_check_time, last_check_status, create_time, update_time FROM server_asset WHERE id = ?
2025-12-29 09:55:00.003 DEBUG [N/A] [ServerMonitorJob-7] c.m.b.m.ServerAssetMapper.findById - ==>  Preparing: SELECT id, name, ip, port, username, auth_type, password_encrypted, private_key_encrypted, group_id, tags, is_active, last_check_time, last_check_status, create_time, update_time FROM server_asset WHERE id = ?
2025-12-29 09:55:00.003 DEBUG [N/A] [ServerMonitorJob-2] c.m.b.m.ServerAssetMapper.findById - ==>  Preparing: SELECT id, name, ip, port, username, auth_type, password_encrypted, private_key_encrypted, group_id, tags, is_active, last_check_time, last_check_status, create_time, update_time FROM server_asset WHERE id = ?
2025-12-29 09:55:00.003 DEBUG [N/A] [ServerMonitorJob-4] c.m.b.m.ServerAssetMapper.findById - ==> Parameters: 2(Long)
2025-12-29 09:55:00.003 DEBUG [N/A] [ServerMonitorJob-2] c.m.b.m.ServerAssetMapper.findById - ==> Parameters: 1(Long)
2025-12-29 09:55:00.003 DEBUG [N/A] [ServerMonitorJob-7] c.m.b.m.ServerAssetMapper.findById - ==> Parameters: 1(Long)
2025-12-29 09:55:00.004 DEBUG [N/A] [ServerMonitorJob-8] c.m.b.m.S.findById - <==      Total: 1
2025-12-29 09:55:00.004 DEBUG [N/A] [ServerMonitorJob-8] c.m.b.m.ServerAssetMapper.findById - ==>  Preparing: SELECT id, name, ip, port, username, auth_type, password_encrypted, private_key_encrypted, group_id, tags, is_active, last_check_time, last_check_status, create_time, update_time FROM server_asset WHERE id = ?
2025-12-29 09:55:00.004 DEBUG [N/A] [ServerMonitorJob-8] c.m.b.m.ServerAssetMapper.findById - ==> Parameters: 1(Long)
2025-12-29 09:55:00.009 DEBUG [N/A] [ServerMonitorJob-4] c.m.b.m.ServerAssetMapper.findById - <==      Total: 1
2025-12-29 09:55:00.010 DEBUG [N/A] [ServerMonitorJob-2] c.m.b.m.ServerAssetMapper.findById - <==      Total: 1
2025-12-29 09:55:00.010 INFO  [N/A] [ServerMonitorJob-4] c.m.b.s.ServerMonitorTaskScheduler - 执行服务器监控任务: 内存使用率 [192.168.3.20]
2025-12-29 09:55:00.010 INFO  [N/A] [ServerMonitorJob-2] c.m.b.s.ServerMonitorTaskScheduler - 执行服务器监控任务: 内存使用率 [127.0.0.1]
2025-12-29 09:55:00.010 DEBUG [N/A] [ServerMonitorJob-2] c.m.b.service.SshExecutorService - Executing script locally
2025-12-29 09:55:00.010 DEBUG [N/A] [ServerMonitorJob-7] c.m.b.m.ServerAssetMapper.findById - <==      Total: 1
2025-12-29 09:55:00.010 DEBUG [N/A] [ServerMonitorJob-8] c.m.b.m.ServerAssetMapper.findById - <==      Total: 1
2025-12-29 09:55:00.010 DEBUG [N/A] [ServerMonitorJob-4] c.m.b.service.SshExecutorService - Creating SSH session to syiptv@192.168.3.20:22
2025-12-29 09:55:00.010 INFO  [N/A] [ServerMonitorJob-7] c.m.b.s.ServerMonitorTaskScheduler - 执行服务器监控任务: 网络连通性 [127.0.0.1]
2025-12-29 09:55:00.010 DEBUG [N/A] [ServerMonitorJob-7] c.m.b.service.SshExecutorService - Executing script locally
2025-12-29 09:55:00.010 INFO  [N/A] [ServerMonitorJob-8] c.m.b.s.ServerMonitorTaskScheduler - 执行服务器监控任务: 磁盘使用率 [127.0.0.1]
2025-12-29 09:55:00.010 DEBUG [N/A] [ServerMonitorJob-8] c.m.b.service.SshExecutorService - Executing script locally
2025-12-29 09:55:00.010 DEBUG [N/A] [ServerMonitorJob-4] c.m.b.service.SshExecutorService - Using password authentication (decrypted from passwordEncrypted)
2025-12-29 09:55:00.030 DEBUG [N/A] [ServerMonitorJob-2] c.m.b.m.S.updateRunStatus - ==>  Preparing: UPDATE server_monitor_task SET last_run_time = ?, last_run_status = ?, last_run_value = ? WHERE id = ?
2025-12-29 09:55:00.030 DEBUG [N/A] [ServerMonitorJob-7] c.m.b.m.S.updateRunStatus - ==>  Preparing: UPDATE server_monitor_task SET last_run_time = ?, last_run_status = ?, last_run_value = ? WHERE id = ?
2025-12-29 09:55:00.031 DEBUG [N/A] [ServerMonitorJob-2] c.m.b.m.S.updateRunStatus - ==> Parameters: 2025-12-29T09:55:00.030712(LocalDateTime), SUCCESS(String), bash: free: command not found(String), 16(Long)
2025-12-29 09:55:00.031 DEBUG [N/A] [ServerMonitorJob-7] c.m.b.m.S.updateRunStatus - ==> Parameters: 2025-12-29T09:55:00.030618(LocalDateTime), SUCCESS(String), 0(String), 15(Long)
2025-12-29 09:55:00.031 DEBUG [N/A] [ServerMonitorJob-8] c.m.b.m.S.updateRunStatus - ==>  Preparing: UPDATE server_monitor_task SET last_run_time = ?, last_run_status = ?, last_run_value = ? WHERE id = ?
2025-12-29 09:55:00.031 DEBUG [N/A] [ServerMonitorJob-8] c.m.b.m.S.updateRunStatus - ==> Parameters: 2025-12-29T09:55:00.031223(LocalDateTime), SUCCESS(String), 53(String), 3(Long)
2025-12-29 09:55:00.041 DEBUG [N/A] [ServerMonitorJob-7] c.m.b.m.S.updateRunStatus - <==    Updates: 1
2025-12-29 09:55:00.041 DEBUG [N/A] [ServerMonitorJob-2] c.m.b.m.S.updateRunStatus - <==    Updates: 1
2025-12-29 09:55:00.041 DEBUG [N/A] [ServerMonitorJob-8] c.m.b.m.S.updateRunStatus - <==    Updates: 1
2025-12-29 09:55:00.042 INFO  [N/A] [ServerMonitorJob-2] c.m.b.s.ServerMonitorTaskScheduler - 服务器监控任务执行成功: 内存使用率 = bash: free: command not found
2025-12-29 09:55:00.042 WARN  [N/A] [ServerMonitorJob-8] c.m.b.s.ServerMonitorTaskScheduler - 服务器告警触发: 磁盘使用率 [127.0.0.1] - 值: 53.0 > 50.0
2025-12-29 09:55:00.042 INFO  [N/A] [ServerMonitorJob-8] c.monitor.backend.alarm.AlarmService - 告警触发: taskId=3, taskType=SERVER_MONITOR, value=53.0, threshold=50.0
2025-12-29 09:55:00.042 DEBUG [N/A] [ServerMonitorJob-7] c.m.b.m.A.findByTaskAndType - ==>  Preparing: SELECT id, task_id, task_type, trigger_type, trigger_value, threshold_value, first_trigger_time, last_trigger_time, trigger_count, status, level, acknowledge_by, acknowledge_time, resolve_time, suppressed_until, message, create_time, update_time FROM alarm_active WHERE task_id = ? AND task_type = ? AND status != 'RESOLVED' LIMIT 1
2025-12-29 09:55:00.043 DEBUG [N/A] [ServerMonitorJob-8] c.m.b.m.A.findByTaskAndType - ==>  Preparing: SELECT id, task_id, task_type, trigger_type, trigger_value, threshold_value, first_trigger_time, last_trigger_time, trigger_count, status, level, acknowledge_by, acknowledge_time, resolve_time, suppressed_until, message, create_time, update_time FROM alarm_active WHERE task_id = ? AND task_type = ? AND status != 'RESOLVED' LIMIT 1
2025-12-29 09:55:00.043 DEBUG [N/A] [ServerMonitorJob-7] c.m.b.m.A.findByTaskAndType - ==> Parameters: 15(Long), SERVER_MONITOR(String)
2025-12-29 09:55:00.043 DEBUG [N/A] [ServerMonitorJob-8] c.m.b.m.A.findByTaskAndType - ==> Parameters: 3(Long), SERVER_MONITOR(String)
2025-12-29 09:55:00.044 DEBUG [N/A] [ServerMonitorJob-7] c.m.b.m.A.findByTaskAndType - <==      Total: 0
2025-12-29 09:55:00.044 INFO  [N/A] [ServerMonitorJob-7] c.m.b.s.ServerMonitorTaskScheduler - 服务器监控任务执行成功: 网络连通性 = 0
2025-12-29 09:55:00.044 DEBUG [N/A] [ServerMonitorJob-8] c.m.b.m.A.findByTaskAndType - <==      Total: 1
2025-12-29 09:55:00.044 DEBUG [N/A] [ServerMonitorJob-8] c.m.b.m.AlarmTemplateMapper.findById - ==>  Preparing: SELECT id, name, subject, content, content_type, is_default, create_time, update_time FROM alarm_template WHERE id = ?
2025-12-29 09:55:00.045 DEBUG [N/A] [ServerMonitorJob-8] c.m.b.m.AlarmTemplateMapper.findById - ==> Parameters: 20(Long)
2025-12-29 09:55:00.047 DEBUG [N/A] [ServerMonitorJob-8] c.m.b.m.AlarmTemplateMapper.findById - <==      Total: 1
2025-12-29 09:55:00.049 DEBUG [N/A] [ServerMonitorJob-8] c.m.b.m.AlarmActiveMapper.update - ==>  Preparing: UPDATE alarm_active SET trigger_value = ?, threshold_value = ?, last_trigger_time = ?, trigger_count = ?, status = ?, level = ?, acknowledge_by = ?, acknowledge_time = ?, resolve_time = ?, suppressed_until = ?, message = ?, update_time = NOW() WHERE id = ?
2025-12-29 09:55:00.049 DEBUG [N/A] [ServerMonitorJob-8] c.m.b.m.AlarmActiveMapper.update - ==> Parameters: 53.0(Double), 50.0(Double), 2025-12-29T09:55:00.044796(LocalDateTime), 7(Integer), FIRING(String), CRITICAL(String), null, null, null, null, > 服务名：**磁盘使用率 [本机测试]**
> IP：**127.0.0.1**
> 内容：磁盘${path}使用率53.00%，超过阈值***50.00%***(String), 9(Long)
2025-12-29 09:55:00.055 DEBUG [N/A] [ServerMonitorJob-8] c.m.b.m.AlarmActiveMapper.update - <==    Updates: 1
2025-12-29 09:55:00.055 INFO  [N/A] [ServerMonitorJob-8] c.monitor.backend.alarm.AlarmService - 更新告警: id=9, triggerCount=7
2025-12-29 09:55:00.056 DEBUG [N/A] [ServerMonitorJob-8] org.springframework.web.SimpLogging - Processing MESSAGE destination=/topic/alarm session=null payload={"type":"FIRING","id":9,"taskId":3,"taskType":"SERVER_MONITOR","level":"CRITICAL...(truncated)
2025-12-29 09:55:00.056 DEBUG [N/A] [ServerMonitorJob-8] org.springframework.web.SimpLogging - Broadcasting to 1 sessions.
2025-12-29 09:55:00.056 INFO  [N/A] [ServerMonitorJob-8] c.m.b.alarm.AlarmWebSocketService - 告警广播成功: alarmId=9, level=CRITICAL
2025-12-29 09:55:00.056 DEBUG [N/A] [ServerMonitorJob-8] c.m.b.m.AlarmChannelMapper.findById - ==>  Preparing: SELECT id, name, type, config, is_active, create_time, update_time FROM alarm_channel WHERE id = ?
2025-12-29 09:55:00.057 DEBUG [N/A] [ServerMonitorJob-8] c.m.b.m.AlarmChannelMapper.findById - ==> Parameters: 4(Long)
2025-12-29 09:55:00.058 DEBUG [N/A] [ServerMonitorJob-8] c.m.b.m.AlarmChannelMapper.findById - <==      Total: 1
2025-12-29 09:55:00.058 DEBUG [N/A] [ServerMonitorJob-8] c.m.b.m.AlarmTemplateMapper.findById - ==>  Preparing: SELECT id, name, subject, content, content_type, is_default, create_time, update_time FROM alarm_template WHERE id = ?
2025-12-29 09:55:00.058 DEBUG [N/A] [ServerMonitorJob-8] c.m.b.m.AlarmTemplateMapper.findById - ==> Parameters: 20(Long)
2025-12-29 09:55:00.059 DEBUG [N/A] [ServerMonitorJob-8] c.m.b.m.AlarmTemplateMapper.findById - <==      Total: 1
2025-12-29 09:55:00.351 INFO  [N/A] [ServerMonitorJob-8] c.m.b.alarm.sender.WeChatAlarmSender - 企业微信告警发送成功: taskName=磁盘使用率 [本机测试]
2025-12-29 09:55:00.352 DEBUG [N/A] [ServerMonitorJob-8] c.m.b.m.AlarmHistoryMapper.insert - ==>  Preparing: INSERT INTO alarm_history(task_id, channel_id, trigger_time, trigger_type, trigger_value, threshold_value, message, is_success, error_message) VALUES(?, ?, ?, ?, ?, ?, ?, ?, ?)
2025-12-29 09:55:00.352 DEBUG [N/A] [ServerMonitorJob-8] c.m.b.m.AlarmHistoryMapper.insert - ==> Parameters: 3(Long), 4(Long), 2025-12-29T09:55:00.351883(LocalDateTime), THRESHOLD(String), 53.0(Double), 50.0(Double), > 服务名：**磁盘使用率 [本机测试]**
> IP：**127.0.0.1**
> 内容：磁盘${path}使用率53.00%，超过阈值***50.00%***(String), 1(Integer), null
2025-12-29 09:55:00.362 DEBUG [N/A] [ServerMonitorJob-8] c.m.b.m.AlarmHistoryMapper.insert - <==    Updates: 1
2025-12-29 09:55:00.364 DEBUG [N/A] [ServerMonitorJob-8] c.m.b.m.AlarmChannelMapper.findById - ==>  Preparing: SELECT id, name, type, config, is_active, create_time, update_time FROM alarm_channel WHERE id = ?
2025-12-29 09:55:00.364 DEBUG [N/A] [ServerMonitorJob-8] c.m.b.m.AlarmChannelMapper.findById - ==> Parameters: 3(Long)
2025-12-29 09:55:00.366 DEBUG [N/A] [ServerMonitorJob-8] c.m.b.m.AlarmChannelMapper.findById - <==      Total: 1
2025-12-29 09:55:00.367 DEBUG [N/A] [ServerMonitorJob-8] c.m.b.m.AlarmTemplateMapper.findById - ==>  Preparing: SELECT id, name, subject, content, content_type, is_default, create_time, update_time FROM alarm_template WHERE id = ?
2025-12-29 09:55:00.367 DEBUG [N/A] [ServerMonitorJob-8] c.m.b.m.AlarmTemplateMapper.findById - ==> Parameters: 20(Long)
2025-12-29 09:55:00.369 DEBUG [N/A] [ServerMonitorJob-8] c.m.b.m.AlarmTemplateMapper.findById - <==      Total: 1
2025-12-29 09:55:00.610 INFO  [N/A] [ServerMonitorJob-4] c.m.b.service.SshExecutorService - SSH session connected to syiptv@192.168.3.20
2025-12-29 09:55:00.620 INFO  [N/A] [ServerMonitorJob-8] c.m.b.a.sender.DingTalkAlarmSender - 钉钉告警发送成功: taskName=磁盘使用率 [本机测试]
2025-12-29 09:55:00.620 DEBUG [N/A] [ServerMonitorJob-8] c.m.b.m.AlarmHistoryMapper.insert - ==>  Preparing: INSERT INTO alarm_history(task_id, channel_id, trigger_time, trigger_type, trigger_value, threshold_value, message, is_success, error_message) VALUES(?, ?, ?, ?, ?, ?, ?, ?, ?)
2025-12-29 09:55:00.621 DEBUG [N/A] [ServerMonitorJob-8] c.m.b.m.AlarmHistoryMapper.insert - ==> Parameters: 3(Long), 3(Long), 2025-12-29T09:55:00.620567(LocalDateTime), THRESHOLD(String), 53.0(Double), 50.0(Double), > 服务名：**磁盘使用率 [本机测试]**
> IP：**127.0.0.1**
> 内容：磁盘${path}使用率53.00%，超过阈值***50.00%***(String), 1(Integer), null
2025-12-29 09:55:00.626 DEBUG [N/A] [ServerMonitorJob-8] c.m.b.m.AlarmHistoryMapper.insert - <==    Updates: 1
2025-12-29 09:55:00.626 DEBUG [N/A] [ServerMonitorJob-8] c.m.b.m.AlarmChannelMapper.findById - ==>  Preparing: SELECT id, name, type, config, is_active, create_time, update_time FROM alarm_channel WHERE id = ?
2025-12-29 09:55:00.626 DEBUG [N/A] [ServerMonitorJob-8] c.m.b.m.AlarmChannelMapper.findById - ==> Parameters: 2(Long)
2025-12-29 09:55:00.627 DEBUG [N/A] [ServerMonitorJob-8] c.m.b.m.AlarmChannelMapper.findById - <==      Total: 1
2025-12-29 09:55:00.627 DEBUG [N/A] [ServerMonitorJob-8] c.m.b.m.AlarmTemplateMapper.findById - ==>  Preparing: SELECT id, name, subject, content, content_type, is_default, create_time, update_time FROM alarm_template WHERE id = ?
2025-12-29 09:55:00.627 DEBUG [N/A] [ServerMonitorJob-8] c.m.b.m.AlarmTemplateMapper.findById - ==> Parameters: 20(Long)
2025-12-29 09:55:00.629 DEBUG [N/A] [ServerMonitorJob-8] c.m.b.m.AlarmTemplateMapper.findById - <==      Total: 1
2025-12-29 09:55:00.785 DEBUG [N/A] [ServerMonitorJob-4] c.m.b.service.SshExecutorService - SSH session disconnected
2025-12-29 09:55:00.787 DEBUG [N/A] [ServerMonitorJob-4] c.m.b.m.S.updateRunStatus - ==>  Preparing: UPDATE server_monitor_task SET last_run_time = ?, last_run_status = ?, last_run_value = ? WHERE id = ?
2025-12-29 09:55:00.787 DEBUG [N/A] [ServerMonitorJob-4] c.m.b.m.S.updateRunStatus - ==> Parameters: 2025-12-29T09:55:00.785908(LocalDateTime), SUCCESS(String), 68(String), 8(Long)
2025-12-29 09:55:00.793 DEBUG [N/A] [ServerMonitorJob-4] c.m.b.m.S.updateRunStatus - <==    Updates: 1
2025-12-29 09:55:00.793 DEBUG [N/A] [ServerMonitorJob-4] c.m.b.m.A.findByTaskAndType - ==>  Preparing: SELECT id, task_id, task_type, trigger_type, trigger_value, threshold_value, first_trigger_time, last_trigger_time, trigger_count, status, level, acknowledge_by, acknowledge_time, resolve_time, suppressed_until, message, create_time, update_time FROM alarm_active WHERE task_id = ? AND task_type = ? AND status != 'RESOLVED' LIMIT 1
2025-12-29 09:55:00.793 DEBUG [N/A] [ServerMonitorJob-4] c.m.b.m.A.findByTaskAndType - ==> Parameters: 8(Long), SERVER_MONITOR(String)
2025-12-29 09:55:00.794 DEBUG [N/A] [ServerMonitorJob-4] c.m.b.m.A.findByTaskAndType - <==      Total: 0
2025-12-29 09:55:00.794 INFO  [N/A] [ServerMonitorJob-4] c.m.b.s.ServerMonitorTaskScheduler - 服务器监控任务执行成功: 内存使用率 = 68
2025-12-29 09:55:01.652 INFO  [N/A] [ServerMonitorJob-8] c.m.b.alarm.sender.EmailAlarmSender - 邮件告警发送成功: to=yuxc.gm@gmail.com, subject=【告警】磁盘使用率 [本机测试]
2025-12-29 09:55:01.656 DEBUG [N/A] [ServerMonitorJob-8] c.m.b.m.AlarmHistoryMapper.insert - ==>  Preparing: INSERT INTO alarm_history(task_id, channel_id, trigger_time, trigger_type, trigger_value, threshold_value, message, is_success, error_message) VALUES(?, ?, ?, ?, ?, ?, ?, ?, ?)
2025-12-29 09:55:01.658 DEBUG [N/A] [ServerMonitorJob-8] c.m.b.m.AlarmHistoryMapper.insert - ==> Parameters: 3(Long), 2(Long), 2025-12-29T09:55:01.652631(LocalDateTime), THRESHOLD(String), 53.0(Double), 50.0(Double), > 服务名：**磁盘使用率 [本机测试]**
> IP：**127.0.0.1**
> 内容：磁盘${path}使用率53.00%，超过阈值***50.00%***(String), 1(Integer), null
2025-12-29 09:55:01.663 DEBUG [N/A] [ServerMonitorJob-8] c.m.b.m.AlarmHistoryMapper.insert - <==    Updates: 1
2025-12-29 09:55:01.663 DEBUG [N/A] [ServerMonitorJob-8] c.m.b.m.AlarmChannelMapper.findById - ==>  Preparing: SELECT id, name, type, config, is_active, create_time, update_time FROM alarm_channel WHERE id = ?
2025-12-29 09:55:01.663 DEBUG [N/A] [ServerMonitorJob-8] c.m.b.m.AlarmChannelMapper.findById - ==> Parameters: 1(Long)
2025-12-29 09:55:01.664 DEBUG [N/A] [ServerMonitorJob-8] c.m.b.m.AlarmChannelMapper.findById - <==      Total: 1
2025-12-29 09:55:01.664 DEBUG [N/A] [ServerMonitorJob-8] c.m.b.m.AlarmTemplateMapper.findById - ==>  Preparing: SELECT id, name, subject, content, content_type, is_default, create_time, update_time FROM alarm_template WHERE id = ?
2025-12-29 09:55:01.664 DEBUG [N/A] [ServerMonitorJob-8] c.m.b.m.AlarmTemplateMapper.findById - ==> Parameters: 20(Long)
2025-12-29 09:55:01.665 DEBUG [N/A] [ServerMonitorJob-8] c.m.b.m.AlarmTemplateMapper.findById - <==      Total: 1
2025-12-29 09:55:01.665 INFO  [N/A] [ServerMonitorJob-8] c.m.b.a.s.AnnouncementAlarmSender - 系统公告通道准备就绪: taskName=磁盘使用率 [本机测试]
2025-12-29 09:55:01.665 DEBUG [N/A] [ServerMonitorJob-8] c.m.b.m.AlarmHistoryMapper.insert - ==>  Preparing: INSERT INTO alarm_history(task_id, channel_id, trigger_time, trigger_type, trigger_value, threshold_value, message, is_success, error_message) VALUES(?, ?, ?, ?, ?, ?, ?, ?, ?)
2025-12-29 09:55:01.666 DEBUG [N/A] [ServerMonitorJob-8] c.m.b.m.AlarmHistoryMapper.insert - ==> Parameters: 3(Long), 1(Long), 2025-12-29T09:55:01.665891(LocalDateTime), THRESHOLD(String), 53.0(Double), 50.0(Double), > 服务名：**磁盘使用率 [本机测试]**
> IP：**127.0.0.1**
> 内容：磁盘${path}使用率53.00%，超过阈值***50.00%***(String), 1(Integer), null
2025-12-29 09:55:01.668 DEBUG [N/A] [ServerMonitorJob-8] c.m.b.m.AlarmHistoryMapper.insert - <==    Updates: 1
2025-12-29 09:55:01.669 INFO  [N/A] [ServerMonitorJob-8] c.m.b.s.ServerMonitorTaskScheduler - 服务器监控任务执行成功: 磁盘使用率 = 53
2025-12-29 09:55:40.508 DEBUG [N/A] [MessageBroker-5] c.m.b.m.A.findNeedEscalation - ==>  Preparing: SELECT id, task_id, task_type, trigger_type, trigger_value, threshold_value, first_trigger_time, last_trigger_time, trigger_count, status, level, acknowledge_by, acknowledge_time, resolve_time, suppressed_until, message, create_time, update_time FROM alarm_active WHERE status = 'FIRING' AND TIMESTAMPDIFF(MINUTE, first_trigger_time, NOW()) >= ? ORDER BY first_trigger_time ASC
2025-12-29 09:55:40.509 DEBUG [N/A] [MessageBroker-5] c.m.b.m.A.findNeedEscalation - ==> Parameters: 30(Integer)
2025-12-29 09:55:40.513 DEBUG [N/A] [MessageBroker-2] c.m.b.s.PerformanceMetricsService - Job workflowDataExtractionJob 当前运行数: 0
2025-12-29 09:55:40.513 DEBUG [N/A] [MessageBroker-5] c.m.b.m.A.findNeedEscalation - <==      Total: 1
2025-12-29 09:56:14.757 DEBUG [N/A] [http-nio-8080-exec-8] o.s.w.s.h.LoggingWebSocketHandlerDecorator - WebSocketServerSockJsSession[id=uhkueqkb] closed with CloseStatus[code=1000, reason=null]
2025-12-29 09:56:14.758 DEBUG [N/A] [http-nio-8080-exec-8] o.s.w.s.m.SubProtocolWebSocketHandler - Clearing session uhkueqkb
2025-12-29 09:56:14.762 DEBUG [N/A] [clientInboundChannel-8] org.springframework.web.SimpLogging - Processing DISCONNECT session=uhkueqkb
2025-12-29 09:56:14.767 DEBUG [N/A] [clientOutboundChannel-5] o.s.w.s.m.SubProtocolWebSocketHandler - No session for GenericMessage [payload=byte[0], headers={simpMessageType=DISCONNECT_ACK, simpDisconnectMessage=GenericMessage [payload=byte[0], headers={simpMessageType=DISCONNECT, stompCommand=DISCONNECT, simpSessionAttributes={org.springframework.messaging.simp.SimpAttributes.COMPLETED=true}, simpSessionId=uhkueqkb}], simpSessionId=uhkueqkb}]
2025-12-29 09:56:15.039 DEBUG [139bc0bbe1604eff] [http-nio-8080-exec-10] o.s.web.servlet.DispatcherServlet - GET "/api/alarm/active", parameters={}
2025-12-29 09:56:15.039 DEBUG [139bc0bbe1604eff] [http-nio-8080-exec-10] o.s.w.s.m.m.a.RequestMappingHandlerMapping - Mapped to com.monitor.backend.controller.AlarmController#getActiveAlarms()
2025-12-29 09:56:15.047 DEBUG [139bc0bbe1604eff] [http-nio-8080-exec-10] c.m.b.m.A.findAllActive - ==>  Preparing: SELECT id, task_id, task_type, trigger_type, trigger_value, threshold_value, first_trigger_time, last_trigger_time, trigger_count, status, level, acknowledge_by, acknowledge_time, resolve_time, suppressed_until, message, create_time, update_time FROM alarm_active WHERE status != 'RESOLVED' ORDER BY last_trigger_time DESC
2025-12-29 09:56:15.048 DEBUG [139bc0bbe1604eff] [http-nio-8080-exec-10] c.m.b.m.A.findAllActive - ==> Parameters: 
2025-12-29 09:56:15.056 DEBUG [67c425da88184f4e] [http-nio-8080-exec-9] o.s.web.servlet.DispatcherServlet - GET "/api/task", parameters={}
2025-12-29 09:56:15.056 DEBUG [99d29555a1df45e6] [http-nio-8080-exec-3] o.s.web.servlet.DispatcherServlet - GET "/api/datasource", parameters={}
2025-12-29 09:56:15.056 DEBUG [67c425da88184f4e] [http-nio-8080-exec-9] o.s.w.s.m.m.a.RequestMappingHandlerMapping - Mapped to com.monitor.backend.controller.TaskController#list()
2025-12-29 09:56:15.056 DEBUG [99d29555a1df45e6] [http-nio-8080-exec-3] o.s.w.s.m.m.a.RequestMappingHandlerMapping - Mapped to com.monitor.backend.controller.DataSourceController#list()
2025-12-29 09:56:15.057 DEBUG [bc6d1997ca454ea0] [http-nio-8080-exec-1] o.s.web.servlet.DispatcherServlet - GET "/api/workflows", parameters={}
2025-12-29 09:56:15.057 DEBUG [bc6d1997ca454ea0] [http-nio-8080-exec-1] o.s.w.s.m.m.a.RequestMappingHandlerMapping - Mapped to com.monitor.backend.controller.WorkflowController#list()
2025-12-29 09:56:15.058 DEBUG [67c425da88184f4e] [http-nio-8080-exec-9] c.m.b.m.MonitorTaskMapper.findAll - ==>  Preparing: SELECT id, name, datasource_id, sql_script, cron_expression, is_active, result_type, alarm_threshold_rule, chart_config, is_store_data, create_time, update_time FROM monitor_task
2025-12-29 09:56:15.058 DEBUG [99d29555a1df45e6] [http-nio-8080-exec-3] c.m.b.m.M.findAll - ==>  Preparing: SELECT id, name, url, username, password_encrypted, driver_class_name, create_time, update_time FROM monitor_datasource
2025-12-29 09:56:15.058 DEBUG [67c425da88184f4e] [http-nio-8080-exec-9] c.m.b.m.MonitorTaskMapper.findAll - ==> Parameters: 
2025-12-29 09:56:15.058 DEBUG [99d29555a1df45e6] [http-nio-8080-exec-3] c.m.b.m.M.findAll - ==> Parameters: 
2025-12-29 09:56:15.059 DEBUG [139bc0bbe1604eff] [http-nio-8080-exec-10] c.m.b.m.A.findAllActive - <==      Total: 1
2025-12-29 09:56:15.059 DEBUG [bc6d1997ca454ea0] [http-nio-8080-exec-1] c.m.b.mapper.WorkflowMapper.findAll - ==>  Preparing: SELECT id, name, description, cron_expression, is_active, timeout_seconds, output_table, index_fields, create_time, update_time FROM monitor_workflow ORDER BY create_time DESC
2025-12-29 09:56:15.059 DEBUG [bc6d1997ca454ea0] [http-nio-8080-exec-1] c.m.b.mapper.WorkflowMapper.findAll - ==> Parameters: 
2025-12-29 09:56:15.060 DEBUG [139bc0bbe1604eff] [http-nio-8080-exec-10] o.s.w.s.m.m.a.RequestResponseBodyMethodProcessor - Using 'application/json', given [application/json, text/plain, */*] and supported [application/json, application/*+json]
2025-12-29 09:56:15.061 DEBUG [139bc0bbe1604eff] [http-nio-8080-exec-10] o.s.w.s.m.m.a.RequestResponseBodyMethodProcessor - Writing [ApiResponse(success=true, code=0, message=操作成功, data=[AlarmActive(id=9, taskId=3, taskType=SERVER_MO (truncated)...]
2025-12-29 09:56:15.062 DEBUG [99d29555a1df45e6] [http-nio-8080-exec-3] c.m.b.m.M.findAll - <==      Total: 3
2025-12-29 09:56:15.062 DEBUG [99d29555a1df45e6] [http-nio-8080-exec-3] o.s.w.s.m.m.a.RequestResponseBodyMethodProcessor - Using 'application/json', given [application/json, text/plain, */*] and supported [application/json, application/*+json]
2025-12-29 09:56:15.062 DEBUG [99d29555a1df45e6] [http-nio-8080-exec-3] o.s.w.s.m.m.a.RequestResponseBodyMethodProcessor - Writing [ApiResponse(success=true, code=0, message=操作成功, data=[MonitorDataSource(id=1, name=南京3.2, url=jdbc:m (truncated)...]
2025-12-29 09:56:15.062 DEBUG [bc6d1997ca454ea0] [http-nio-8080-exec-1] c.m.b.mapper.WorkflowMapper.findAll - <==      Total: 1
2025-12-29 09:56:15.063 DEBUG [67c425da88184f4e] [http-nio-8080-exec-9] c.m.b.m.MonitorTaskMapper.findAll - <==      Total: 3
2025-12-29 09:56:15.063 DEBUG [bc6d1997ca454ea0] [http-nio-8080-exec-1] o.s.w.s.m.m.a.RequestResponseBodyMethodProcessor - Using 'application/json', given [application/json, text/plain, */*] and supported [application/json, application/*+json]
2025-12-29 09:56:15.063 DEBUG [67c425da88184f4e] [http-nio-8080-exec-9] o.s.w.s.m.m.a.RequestResponseBodyMethodProcessor - Using 'application/json', given [application/json, text/plain, */*] and supported [application/json, application/*+json]
2025-12-29 09:56:15.063 DEBUG [bc6d1997ca454ea0] [http-nio-8080-exec-1] o.s.w.s.m.m.a.RequestResponseBodyMethodProcessor - Writing [ApiResponse(success=true, code=0, message=操作成功, data=[Workflow(id=5, name=订购产品计费统计, description=, cr (truncated)...]
2025-12-29 09:56:15.063 DEBUG [67c425da88184f4e] [http-nio-8080-exec-9] o.s.w.s.m.m.a.RequestResponseBodyMethodProcessor - Writing [ApiResponse(success=true, code=0, message=操作成功, data=[MonitorTask(id=1, name=用户订购统计, datasourceId=1, (truncated)...]
2025-12-29 09:56:15.063 DEBUG [99d29555a1df45e6] [http-nio-8080-exec-3] o.s.web.servlet.DispatcherServlet - Completed 200 OK
2025-12-29 09:56:15.064 DEBUG [bc6d1997ca454ea0] [http-nio-8080-exec-1] o.s.web.servlet.DispatcherServlet - Completed 200 OK
2025-12-29 09:56:15.064 DEBUG [67c425da88184f4e] [http-nio-8080-exec-9] o.s.web.servlet.DispatcherServlet - Completed 200 OK
2025-12-29 09:56:15.067 DEBUG [139bc0bbe1604eff] [http-nio-8080-exec-10] o.s.web.servlet.DispatcherServlet - Completed 200 OK
2025-12-29 09:56:15.126 DEBUG [1210ad7d5616427d] [http-nio-8080-exec-5] o.s.web.servlet.DispatcherServlet - GET "/api/ws/info?t=1766973375109", parameters={masked}
2025-12-29 09:56:15.131 DEBUG [1210ad7d5616427d] [http-nio-8080-exec-5] o.s.w.s.s.s.WebSocketHandlerMapping - Mapped to org.springframework.web.socket.sockjs.support.SockJsHttpRequestHandler@1fab0394
2025-12-29 09:56:15.136 DEBUG [1210ad7d5616427d] [http-nio-8080-exec-5] o.s.w.s.s.t.h.DefaultSockJsService - Processing transport request: GET http://localhost:8080/api/ws/info?t=1766973375109
2025-12-29 09:56:15.138 DEBUG [1210ad7d5616427d] [http-nio-8080-exec-5] o.s.web.servlet.DispatcherServlet - Completed 200 OK
2025-12-29 09:56:15.164 DEBUG [13e1482390054480] [http-nio-8080-exec-4] o.s.web.servlet.DispatcherServlet - GET "/api/ws/576/fxed2go2/websocket", parameters={}
2025-12-29 09:56:15.164 DEBUG [13e1482390054480] [http-nio-8080-exec-4] o.s.w.s.s.s.WebSocketHandlerMapping - Mapped to org.springframework.web.socket.sockjs.support.SockJsHttpRequestHandler@1fab0394
2025-12-29 09:56:15.165 DEBUG [13e1482390054480] [http-nio-8080-exec-4] o.s.w.s.s.t.h.DefaultSockJsService - Processing transport request: GET http://localhost:8080/api/ws/576/fxed2go2/websocket
2025-12-29 09:56:15.175 DEBUG [13e1482390054480] [http-nio-8080-exec-4] o.s.web.servlet.DispatcherServlet - Completed 101 SWITCHING_PROTOCOLS
2025-12-29 09:56:15.175 DEBUG [N/A] [http-nio-8080-exec-4] o.s.w.s.h.LoggingWebSocketHandlerDecorator - New WebSocketServerSockJsSession[id=fxed2go2]
2025-12-29 09:56:15.185 DEBUG [N/A] [clientInboundChannel-11] org.springframework.web.SimpLogging - Processing CONNECT session=fxed2go2
2025-12-29 09:56:15.189 DEBUG [N/A] [clientInboundChannel-14] org.springframework.web.SimpLogging - Processing SUBSCRIBE /topic/alarm id=sub-0 session=fxed2go2
2025-12-29 09:56:22.169 DEBUG [N/A] [MessageBroker-3] o.s.w.s.s.t.h.DefaultSockJsService - Closed 1 sessions: [uhkueqkb]
2025-12-29 09:56:40.505 DEBUG [N/A] [MessageBroker-3] c.m.b.m.A.findNeedEscalation - ==>  Preparing: SELECT id, task_id, task_type, trigger_type, trigger_value, threshold_value, first_trigger_time, last_trigger_time, trigger_count, status, level, acknowledge_by, acknowledge_time, resolve_time, suppressed_until, message, create_time, update_time FROM alarm_active WHERE status = 'FIRING' AND TIMESTAMPDIFF(MINUTE, first_trigger_time, NOW()) >= ? ORDER BY first_trigger_time ASC
2025-12-29 09:56:40.508 DEBUG [N/A] [MessageBroker-3] c.m.b.m.A.findNeedEscalation - ==> Parameters: 30(Integer)
2025-12-29 09:56:40.516 DEBUG [N/A] [MessageBroker-3] c.m.b.m.A.findNeedEscalation - <==      Total: 1
2025-12-29 09:56:40.518 DEBUG [N/A] [MessageBroker-4] c.m.b.s.PerformanceMetricsService - Job workflowDataExtractionJob 当前运行数: 0
2025-12-29 09:57:40.510 DEBUG [N/A] [MessageBroker-7] c.m.b.m.A.findNeedEscalation - ==>  Preparing: SELECT id, task_id, task_type, trigger_type, trigger_value, threshold_value, first_trigger_time, last_trigger_time, trigger_count, status, level, acknowledge_by, acknowledge_time, resolve_time, suppressed_until, message, create_time, update_time FROM alarm_active WHERE status = 'FIRING' AND TIMESTAMPDIFF(MINUTE, first_trigger_time, NOW()) >= ? ORDER BY first_trigger_time ASC
2025-12-29 09:57:40.513 DEBUG [N/A] [MessageBroker-7] c.m.b.m.A.findNeedEscalation - ==> Parameters: 30(Integer)
2025-12-29 09:57:40.526 DEBUG [N/A] [MessageBroker-7] c.m.b.m.A.findNeedEscalation - <==      Total: 1
2025-12-29 09:57:40.529 DEBUG [N/A] [MessageBroker-3] c.m.b.s.PerformanceMetricsService - Job workflowDataExtractionJob 当前运行数: 0
2025-12-29 09:58:40.495 DEBUG [N/A] [MessageBroker-6] c.m.b.m.A.findNeedEscalation - ==>  Preparing: SELECT id, task_id, task_type, trigger_type, trigger_value, threshold_value, first_trigger_time, last_trigger_time, trigger_count, status, level, acknowledge_by, acknowledge_time, resolve_time, suppressed_until, message, create_time, update_time FROM alarm_active WHERE status = 'FIRING' AND TIMESTAMPDIFF(MINUTE, first_trigger_time, NOW()) >= ? ORDER BY first_trigger_time ASC
2025-12-29 09:58:40.497 DEBUG [N/A] [MessageBroker-6] c.m.b.m.A.findNeedEscalation - ==> Parameters: 30(Integer)
2025-12-29 09:58:40.503 DEBUG [N/A] [MessageBroker-6] c.m.b.m.A.findNeedEscalation - <==      Total: 1
2025-12-29 09:58:40.504 DEBUG [N/A] [MessageBroker-7] c.m.b.s.PerformanceMetricsService - Job workflowDataExtractionJob 当前运行数: 0
2025-12-29 09:59:40.492 DEBUG [N/A] [MessageBroker-5] c.m.b.m.A.findNeedEscalation - ==>  Preparing: SELECT id, task_id, task_type, trigger_type, trigger_value, threshold_value, first_trigger_time, last_trigger_time, trigger_count, status, level, acknowledge_by, acknowledge_time, resolve_time, suppressed_until, message, create_time, update_time FROM alarm_active WHERE status = 'FIRING' AND TIMESTAMPDIFF(MINUTE, first_trigger_time, NOW()) >= ? ORDER BY first_trigger_time ASC
2025-12-29 09:59:40.493 DEBUG [N/A] [MessageBroker-5] c.m.b.m.A.findNeedEscalation - ==> Parameters: 30(Integer)
2025-12-29 09:59:40.498 DEBUG [N/A] [MessageBroker-5] c.m.b.m.A.findNeedEscalation - <==      Total: 1
2025-12-29 09:59:40.499 DEBUG [N/A] [MessageBroker-2] c.m.b.s.PerformanceMetricsService - Job workflowDataExtractionJob 当前运行数: 0
2025-12-29 09:59:59.995 DEBUG [N/A] [ServerMonitorJob-7] c.m.b.m.S.findById - ==>  Preparing: SELECT id, name, server_id, template_id, collect_script, params, threshold_rule, cron_expression, alarm_channels, alarm_template_id, is_active, last_run_time, last_run_status, last_run_value, create_time, update_time FROM server_monitor_task WHERE id = ?
2025-12-29 09:59:59.995 DEBUG [N/A] [ServerMonitorJob-1] c.m.b.m.S.findById - ==>  Preparing: SELECT id, name, server_id, template_id, collect_script, params, threshold_rule, cron_expression, alarm_channels, alarm_template_id, is_active, last_run_time, last_run_status, last_run_value, create_time, update_time FROM server_monitor_task WHERE id = ?
2025-12-29 09:59:59.995 DEBUG [N/A] [ServerMonitorJob-10] c.m.b.m.S.findById - ==>  Preparing: SELECT id, name, server_id, template_id, collect_script, params, threshold_rule, cron_expression, alarm_channels, alarm_template_id, is_active, last_run_time, last_run_status, last_run_value, create_time, update_time FROM server_monitor_task WHERE id = ?
2025-12-29 09:59:59.996 DEBUG [N/A] [ServerMonitorJob-9] c.m.b.m.S.findById - ==>  Preparing: SELECT id, name, server_id, template_id, collect_script, params, threshold_rule, cron_expression, alarm_channels, alarm_template_id, is_active, last_run_time, last_run_status, last_run_value, create_time, update_time FROM server_monitor_task WHERE id = ?
2025-12-29 09:59:59.997 DEBUG [N/A] [ServerMonitorJob-1] c.m.b.m.S.findById - ==> Parameters: 3(Long)
2025-12-29 09:59:59.997 DEBUG [N/A] [ServerMonitorJob-9] c.m.b.m.S.findById - ==> Parameters: 15(Long)
2025-12-29 09:59:59.997 DEBUG [N/A] [ServerMonitorJob-7] c.m.b.m.S.findById - ==> Parameters: 16(Long)
2025-12-29 09:59:59.997 DEBUG [N/A] [ServerMonitorJob-10] c.m.b.m.S.findById - ==> Parameters: 8(Long)
2025-12-29 10:00:00.007 DEBUG [N/A] [ServerMonitorJob-10] c.m.b.m.S.findById - <==      Total: 1
2025-12-29 10:00:00.007 DEBUG [N/A] [ServerMonitorJob-7] c.m.b.m.S.findById - <==      Total: 1
2025-12-29 10:00:00.008 DEBUG [N/A] [ServerMonitorJob-1] c.m.b.m.S.findById - <==      Total: 1
2025-12-29 10:00:00.008 DEBUG [N/A] [ServerMonitorJob-9] c.m.b.m.S.findById - <==      Total: 1
2025-12-29 10:00:00.008 DEBUG [N/A] [ServerMonitorJob-10] c.m.b.m.ServerAssetMapper.findById - ==>  Preparing: SELECT id, name, ip, port, username, auth_type, password_encrypted, private_key_encrypted, group_id, tags, is_active, last_check_time, last_check_status, create_time, update_time FROM server_asset WHERE id = ?
2025-12-29 10:00:00.008 DEBUG [N/A] [ServerMonitorJob-9] c.m.b.m.ServerAssetMapper.findById - ==>  Preparing: SELECT id, name, ip, port, username, auth_type, password_encrypted, private_key_encrypted, group_id, tags, is_active, last_check_time, last_check_status, create_time, update_time FROM server_asset WHERE id = ?
2025-12-29 10:00:00.008 DEBUG [N/A] [ServerMonitorJob-7] c.m.b.m.ServerAssetMapper.findById - ==>  Preparing: SELECT id, name, ip, port, username, auth_type, password_encrypted, private_key_encrypted, group_id, tags, is_active, last_check_time, last_check_status, create_time, update_time FROM server_asset WHERE id = ?
2025-12-29 10:00:00.008 DEBUG [N/A] [ServerMonitorJob-10] c.m.b.m.ServerAssetMapper.findById - ==> Parameters: 2(Long)
2025-12-29 10:00:00.008 DEBUG [N/A] [ServerMonitorJob-9] c.m.b.m.ServerAssetMapper.findById - ==> Parameters: 1(Long)
2025-12-29 10:00:00.008 DEBUG [N/A] [ServerMonitorJob-7] c.m.b.m.ServerAssetMapper.findById - ==> Parameters: 1(Long)
2025-12-29 10:00:00.008 DEBUG [N/A] [ServerMonitorJob-1] c.m.b.m.ServerAssetMapper.findById - ==>  Preparing: SELECT id, name, ip, port, username, auth_type, password_encrypted, private_key_encrypted, group_id, tags, is_active, last_check_time, last_check_status, create_time, update_time FROM server_asset WHERE id = ?
2025-12-29 10:00:00.009 DEBUG [N/A] [ServerMonitorJob-1] c.m.b.m.ServerAssetMapper.findById - ==> Parameters: 1(Long)
2025-12-29 10:00:00.010 DEBUG [N/A] [ServerMonitorJob-10] c.m.b.m.ServerAssetMapper.findById - <==      Total: 1
2025-12-29 10:00:00.010 DEBUG [N/A] [ServerMonitorJob-9] c.m.b.m.ServerAssetMapper.findById - <==      Total: 1
2025-12-29 10:00:00.010 DEBUG [N/A] [ServerMonitorJob-1] c.m.b.m.ServerAssetMapper.findById - <==      Total: 1
2025-12-29 10:00:00.010 INFO  [N/A] [ServerMonitorJob-9] c.m.b.s.ServerMonitorTaskScheduler - 执行服务器监控任务: 网络连通性 [127.0.0.1]
2025-12-29 10:00:00.010 INFO  [N/A] [ServerMonitorJob-10] c.m.b.s.ServerMonitorTaskScheduler - 执行服务器监控任务: 内存使用率 [192.168.3.20]
2025-12-29 10:00:00.010 INFO  [N/A] [ServerMonitorJob-1] c.m.b.s.ServerMonitorTaskScheduler - 执行服务器监控任务: 磁盘使用率 [127.0.0.1]
2025-12-29 10:00:00.011 DEBUG [N/A] [ServerMonitorJob-10] c.m.b.service.SshExecutorService - Creating SSH session to syiptv@192.168.3.20:22
2025-12-29 10:00:00.011 DEBUG [N/A] [ServerMonitorJob-9] c.m.b.service.SshExecutorService - Executing script locally
2025-12-29 10:00:00.011 DEBUG [N/A] [ServerMonitorJob-1] c.m.b.service.SshExecutorService - Executing script locally
2025-12-29 10:00:00.012 DEBUG [N/A] [ServerMonitorJob-10] c.m.b.service.SshExecutorService - Using password authentication (decrypted from passwordEncrypted)
2025-12-29 10:00:00.013 DEBUG [N/A] [ServerMonitorJob-7] c.m.b.m.ServerAssetMapper.findById - <==      Total: 1
2025-12-29 10:00:00.013 INFO  [N/A] [ServerMonitorJob-7] c.m.b.s.ServerMonitorTaskScheduler - 执行服务器监控任务: 内存使用率 [127.0.0.1]
2025-12-29 10:00:00.013 DEBUG [N/A] [ServerMonitorJob-7] c.m.b.service.SshExecutorService - Executing script locally
2025-12-29 10:00:00.033 DEBUG [N/A] [ServerMonitorJob-9] c.m.b.m.S.updateRunStatus - ==>  Preparing: UPDATE server_monitor_task SET last_run_time = ?, last_run_status = ?, last_run_value = ? WHERE id = ?
2025-12-29 10:00:00.033 DEBUG [N/A] [ServerMonitorJob-9] c.m.b.m.S.updateRunStatus - ==> Parameters: 2025-12-29T10:00:00.032790(LocalDateTime), SUCCESS(String), 0(String), 15(Long)
2025-12-29 10:00:00.034 DEBUG [N/A] [ServerMonitorJob-7] c.m.b.m.S.updateRunStatus - ==>  Preparing: UPDATE server_monitor_task SET last_run_time = ?, last_run_status = ?, last_run_value = ? WHERE id = ?
2025-12-29 10:00:00.034 DEBUG [N/A] [ServerMonitorJob-7] c.m.b.m.S.updateRunStatus - ==> Parameters: 2025-12-29T10:00:00.033957(LocalDateTime), SUCCESS(String), bash: free: command not found(String), 16(Long)
2025-12-29 10:00:00.034 DEBUG [N/A] [ServerMonitorJob-1] c.m.b.m.S.updateRunStatus - ==>  Preparing: UPDATE server_monitor_task SET last_run_time = ?, last_run_status = ?, last_run_value = ? WHERE id = ?
2025-12-29 10:00:00.034 DEBUG [N/A] [ServerMonitorJob-1] c.m.b.m.S.updateRunStatus - ==> Parameters: 2025-12-29T10:00:00.034605(LocalDateTime), SUCCESS(String), 53(String), 3(Long)
2025-12-29 10:00:00.045 DEBUG [N/A] [ServerMonitorJob-7] c.m.b.m.S.updateRunStatus - <==    Updates: 1
2025-12-29 10:00:00.046 INFO  [N/A] [ServerMonitorJob-7] c.m.b.s.ServerMonitorTaskScheduler - 服务器监控任务执行成功: 内存使用率 = bash: free: command not found
2025-12-29 10:00:00.047 DEBUG [N/A] [ServerMonitorJob-1] c.m.b.m.S.updateRunStatus - <==    Updates: 1
2025-12-29 10:00:00.047 DEBUG [N/A] [ServerMonitorJob-9] c.m.b.m.S.updateRunStatus - <==    Updates: 1
2025-12-29 10:00:00.048 WARN  [N/A] [ServerMonitorJob-1] c.m.b.s.ServerMonitorTaskScheduler - 服务器告警触发: 磁盘使用率 [127.0.0.1] - 值: 53.0 > 50.0
2025-12-29 10:00:00.048 DEBUG [N/A] [ServerMonitorJob-9] c.m.b.m.A.findByTaskAndType - ==>  Preparing: SELECT id, task_id, task_type, trigger_type, trigger_value, threshold_value, first_trigger_time, last_trigger_time, trigger_count, status, level, acknowledge_by, acknowledge_time, resolve_time, suppressed_until, message, create_time, update_time FROM alarm_active WHERE task_id = ? AND task_type = ? AND status != 'RESOLVED' LIMIT 1
2025-12-29 10:00:00.048 INFO  [N/A] [ServerMonitorJob-1] c.monitor.backend.alarm.AlarmService - 告警触发: taskId=3, taskType=SERVER_MONITOR, value=53.0, threshold=50.0
2025-12-29 10:00:00.048 DEBUG [N/A] [ServerMonitorJob-1] c.m.b.m.A.findByTaskAndType - ==>  Preparing: SELECT id, task_id, task_type, trigger_type, trigger_value, threshold_value, first_trigger_time, last_trigger_time, trigger_count, status, level, acknowledge_by, acknowledge_time, resolve_time, suppressed_until, message, create_time, update_time FROM alarm_active WHERE task_id = ? AND task_type = ? AND status != 'RESOLVED' LIMIT 1
2025-12-29 10:00:00.048 DEBUG [N/A] [ServerMonitorJob-9] c.m.b.m.A.findByTaskAndType - ==> Parameters: 15(Long), SERVER_MONITOR(String)
2025-12-29 10:00:00.048 DEBUG [N/A] [ServerMonitorJob-1] c.m.b.m.A.findByTaskAndType - ==> Parameters: 3(Long), SERVER_MONITOR(String)
2025-12-29 10:00:00.050 DEBUG [N/A] [ServerMonitorJob-9] c.m.b.m.A.findByTaskAndType - <==      Total: 0
2025-12-29 10:00:00.050 INFO  [N/A] [ServerMonitorJob-9] c.m.b.s.ServerMonitorTaskScheduler - 服务器监控任务执行成功: 网络连通性 = 0
2025-12-29 10:00:00.050 DEBUG [N/A] [ServerMonitorJob-1] c.m.b.m.A.findByTaskAndType - <==      Total: 1
2025-12-29 10:00:00.051 DEBUG [N/A] [ServerMonitorJob-1] c.m.b.m.AlarmTemplateMapper.findById - ==>  Preparing: SELECT id, name, subject, content, content_type, is_default, create_time, update_time FROM alarm_template WHERE id = ?
2025-12-29 10:00:00.051 DEBUG [N/A] [ServerMonitorJob-1] c.m.b.m.AlarmTemplateMapper.findById - ==> Parameters: 20(Long)
2025-12-29 10:00:00.053 DEBUG [N/A] [ServerMonitorJob-1] c.m.b.m.AlarmTemplateMapper.findById - <==      Total: 1
2025-12-29 10:00:00.053 DEBUG [N/A] [ServerMonitorJob-1] c.m.b.m.AlarmActiveMapper.update - ==>  Preparing: UPDATE alarm_active SET trigger_value = ?, threshold_value = ?, last_trigger_time = ?, trigger_count = ?, status = ?, level = ?, acknowledge_by = ?, acknowledge_time = ?, resolve_time = ?, suppressed_until = ?, message = ?, update_time = NOW() WHERE id = ?
2025-12-29 10:00:00.053 DEBUG [N/A] [ServerMonitorJob-1] c.m.b.m.AlarmActiveMapper.update - ==> Parameters: 53.0(Double), 50.0(Double), 2025-12-29T10:00:00.050985(LocalDateTime), 8(Integer), FIRING(String), CRITICAL(String), null, null, null, null, > 服务名：**磁盘使用率 [本机测试]**
> IP：**127.0.0.1**
> 内容：磁盘${path}使用率53.00%，超过阈值***50.00%***(String), 9(Long)
2025-12-29 10:00:00.058 DEBUG [N/A] [ServerMonitorJob-1] c.m.b.m.AlarmActiveMapper.update - <==    Updates: 1
2025-12-29 10:00:00.058 INFO  [N/A] [ServerMonitorJob-1] c.monitor.backend.alarm.AlarmService - 更新告警: id=9, triggerCount=8
2025-12-29 10:00:00.059 DEBUG [N/A] [ServerMonitorJob-1] org.springframework.web.SimpLogging - Processing MESSAGE destination=/topic/alarm session=null payload={"type":"FIRING","id":9,"taskId":3,"taskType":"SERVER_MONITOR","level":"CRITICAL...(truncated)
2025-12-29 10:00:00.059 DEBUG [N/A] [ServerMonitorJob-1] org.springframework.web.SimpLogging - Broadcasting to 1 sessions.
2025-12-29 10:00:00.059 INFO  [N/A] [ServerMonitorJob-1] c.m.b.alarm.AlarmWebSocketService - 告警广播成功: alarmId=9, level=CRITICAL
2025-12-29 10:00:00.059 DEBUG [N/A] [ServerMonitorJob-1] c.m.b.m.AlarmChannelMapper.findById - ==>  Preparing: SELECT id, name, type, config, is_active, create_time, update_time FROM alarm_channel WHERE id = ?
2025-12-29 10:00:00.059 DEBUG [N/A] [ServerMonitorJob-1] c.m.b.m.AlarmChannelMapper.findById - ==> Parameters: 4(Long)
2025-12-29 10:00:00.060 DEBUG [N/A] [ServerMonitorJob-1] c.m.b.m.AlarmChannelMapper.findById - <==      Total: 1
2025-12-29 10:00:00.061 DEBUG [N/A] [ServerMonitorJob-1] c.m.b.m.AlarmTemplateMapper.findById - ==>  Preparing: SELECT id, name, subject, content, content_type, is_default, create_time, update_time FROM alarm_template WHERE id = ?
2025-12-29 10:00:00.061 DEBUG [N/A] [ServerMonitorJob-1] c.m.b.m.AlarmTemplateMapper.findById - ==> Parameters: 20(Long)
2025-12-29 10:00:00.061 DEBUG [N/A] [ServerMonitorJob-1] c.m.b.m.AlarmTemplateMapper.findById - <==      Total: 1
2025-12-29 10:00:00.483 INFO  [N/A] [ServerMonitorJob-10] c.m.b.service.SshExecutorService - SSH session connected to syiptv@192.168.3.20
2025-12-29 10:00:00.497 INFO  [N/A] [ServerMonitorJob-1] c.m.b.alarm.sender.WeChatAlarmSender - 企业微信告警发送成功: taskName=磁盘使用率 [本机测试]
2025-12-29 10:00:00.498 DEBUG [N/A] [ServerMonitorJob-1] c.m.b.m.AlarmHistoryMapper.insert - ==>  Preparing: INSERT INTO alarm_history(task_id, channel_id, trigger_time, trigger_type, trigger_value, threshold_value, message, is_success, error_message) VALUES(?, ?, ?, ?, ?, ?, ?, ?, ?)
2025-12-29 10:00:00.498 DEBUG [N/A] [ServerMonitorJob-1] c.m.b.m.AlarmHistoryMapper.insert - ==> Parameters: 3(Long), 4(Long), 2025-12-29T10:00:00.497844(LocalDateTime), THRESHOLD(String), 53.0(Double), 50.0(Double), > 服务名：**磁盘使用率 [本机测试]**
> IP：**127.0.0.1**
> 内容：磁盘${path}使用率53.00%，超过阈值***50.00%***(String), 1(Integer), null
2025-12-29 10:00:00.501 DEBUG [N/A] [ServerMonitorJob-1] c.m.b.m.AlarmHistoryMapper.insert - <==    Updates: 1
2025-12-29 10:00:00.502 DEBUG [N/A] [ServerMonitorJob-1] c.m.b.m.AlarmChannelMapper.findById - ==>  Preparing: SELECT id, name, type, config, is_active, create_time, update_time FROM alarm_channel WHERE id = ?
2025-12-29 10:00:00.502 DEBUG [N/A] [ServerMonitorJob-1] c.m.b.m.AlarmChannelMapper.findById - ==> Parameters: 3(Long)
2025-12-29 10:00:00.503 DEBUG [N/A] [ServerMonitorJob-1] c.m.b.m.AlarmChannelMapper.findById - <==      Total: 1
2025-12-29 10:00:00.503 DEBUG [N/A] [ServerMonitorJob-1] c.m.b.m.AlarmTemplateMapper.findById - ==>  Preparing: SELECT id, name, subject, content, content_type, is_default, create_time, update_time FROM alarm_template WHERE id = ?
2025-12-29 10:00:00.503 DEBUG [N/A] [ServerMonitorJob-1] c.m.b.m.AlarmTemplateMapper.findById - ==> Parameters: 20(Long)
2025-12-29 10:00:00.504 DEBUG [N/A] [ServerMonitorJob-1] c.m.b.m.AlarmTemplateMapper.findById - <==      Total: 1
2025-12-29 10:00:00.668 DEBUG [N/A] [ServerMonitorJob-10] c.m.b.service.SshExecutorService - SSH session disconnected
2025-12-29 10:00:00.670 DEBUG [N/A] [ServerMonitorJob-10] c.m.b.m.S.updateRunStatus - ==>  Preparing: UPDATE server_monitor_task SET last_run_time = ?, last_run_status = ?, last_run_value = ? WHERE id = ?
2025-12-29 10:00:00.671 DEBUG [N/A] [ServerMonitorJob-10] c.m.b.m.S.updateRunStatus - ==> Parameters: 2025-12-29T10:00:00.669049(LocalDateTime), SUCCESS(String), 69(String), 8(Long)
2025-12-29 10:00:00.675 DEBUG [N/A] [ServerMonitorJob-10] c.m.b.m.S.updateRunStatus - <==    Updates: 1
2025-12-29 10:00:00.675 DEBUG [N/A] [ServerMonitorJob-10] c.m.b.m.A.findByTaskAndType - ==>  Preparing: SELECT id, task_id, task_type, trigger_type, trigger_value, threshold_value, first_trigger_time, last_trigger_time, trigger_count, status, level, acknowledge_by, acknowledge_time, resolve_time, suppressed_until, message, create_time, update_time FROM alarm_active WHERE task_id = ? AND task_type = ? AND status != 'RESOLVED' LIMIT 1
2025-12-29 10:00:00.675 DEBUG [N/A] [ServerMonitorJob-10] c.m.b.m.A.findByTaskAndType - ==> Parameters: 8(Long), SERVER_MONITOR(String)
2025-12-29 10:00:00.676 DEBUG [N/A] [ServerMonitorJob-10] c.m.b.m.A.findByTaskAndType - <==      Total: 0
2025-12-29 10:00:00.676 INFO  [N/A] [ServerMonitorJob-10] c.m.b.s.ServerMonitorTaskScheduler - 服务器监控任务执行成功: 内存使用率 = 69
2025-12-29 10:00:00.776 INFO  [N/A] [ServerMonitorJob-1] c.m.b.a.sender.DingTalkAlarmSender - 钉钉告警发送成功: taskName=磁盘使用率 [本机测试]
2025-12-29 10:00:00.776 DEBUG [N/A] [ServerMonitorJob-1] c.m.b.m.AlarmHistoryMapper.insert - ==>  Preparing: INSERT INTO alarm_history(task_id, channel_id, trigger_time, trigger_type, trigger_value, threshold_value, message, is_success, error_message) VALUES(?, ?, ?, ?, ?, ?, ?, ?, ?)
2025-12-29 10:00:00.776 DEBUG [N/A] [ServerMonitorJob-1] c.m.b.m.AlarmHistoryMapper.insert - ==> Parameters: 3(Long), 3(Long), 2025-12-29T10:00:00.776241(LocalDateTime), THRESHOLD(String), 53.0(Double), 50.0(Double), > 服务名：**磁盘使用率 [本机测试]**
> IP：**127.0.0.1**
> 内容：磁盘${path}使用率53.00%，超过阈值***50.00%***(String), 1(Integer), null
2025-12-29 10:00:00.782 DEBUG [N/A] [ServerMonitorJob-1] c.m.b.m.AlarmHistoryMapper.insert - <==    Updates: 1
2025-12-29 10:00:00.782 DEBUG [N/A] [ServerMonitorJob-1] c.m.b.m.AlarmChannelMapper.findById - ==>  Preparing: SELECT id, name, type, config, is_active, create_time, update_time FROM alarm_channel WHERE id = ?
2025-12-29 10:00:00.782 DEBUG [N/A] [ServerMonitorJob-1] c.m.b.m.AlarmChannelMapper.findById - ==> Parameters: 2(Long)
2025-12-29 10:00:00.784 DEBUG [N/A] [ServerMonitorJob-1] c.m.b.m.AlarmChannelMapper.findById - <==      Total: 1
2025-12-29 10:00:00.784 DEBUG [N/A] [ServerMonitorJob-1] c.m.b.m.AlarmTemplateMapper.findById - ==>  Preparing: SELECT id, name, subject, content, content_type, is_default, create_time, update_time FROM alarm_template WHERE id = ?
2025-12-29 10:00:00.784 DEBUG [N/A] [ServerMonitorJob-1] c.m.b.m.AlarmTemplateMapper.findById - ==> Parameters: 20(Long)
2025-12-29 10:00:00.785 DEBUG [N/A] [ServerMonitorJob-1] c.m.b.m.AlarmTemplateMapper.findById - <==      Total: 1
2025-12-29 10:00:01.860 INFO  [N/A] [ServerMonitorJob-1] c.m.b.alarm.sender.EmailAlarmSender - 邮件告警发送成功: to=yuxc.gm@gmail.com, subject=【告警】磁盘使用率 [本机测试]
2025-12-29 10:00:01.861 DEBUG [N/A] [ServerMonitorJob-1] c.m.b.m.AlarmHistoryMapper.insert - ==>  Preparing: INSERT INTO alarm_history(task_id, channel_id, trigger_time, trigger_type, trigger_value, threshold_value, message, is_success, error_message) VALUES(?, ?, ?, ?, ?, ?, ?, ?, ?)
2025-12-29 10:00:01.861 DEBUG [N/A] [ServerMonitorJob-1] c.m.b.m.AlarmHistoryMapper.insert - ==> Parameters: 3(Long), 2(Long), 2025-12-29T10:00:01.860170(LocalDateTime), THRESHOLD(String), 53.0(Double), 50.0(Double), > 服务名：**磁盘使用率 [本机测试]**
> IP：**127.0.0.1**
> 内容：磁盘${path}使用率53.00%，超过阈值***50.00%***(String), 1(Integer), null
2025-12-29 10:00:01.868 DEBUG [N/A] [ServerMonitorJob-1] c.m.b.m.AlarmHistoryMapper.insert - <==    Updates: 1
2025-12-29 10:00:01.869 DEBUG [N/A] [ServerMonitorJob-1] c.m.b.m.AlarmChannelMapper.findById - ==>  Preparing: SELECT id, name, type, config, is_active, create_time, update_time FROM alarm_channel WHERE id = ?
2025-12-29 10:00:01.869 DEBUG [N/A] [ServerMonitorJob-1] c.m.b.m.AlarmChannelMapper.findById - ==> Parameters: 1(Long)
2025-12-29 10:00:01.872 DEBUG [N/A] [ServerMonitorJob-1] c.m.b.m.AlarmChannelMapper.findById - <==      Total: 1
2025-12-29 10:00:01.872 DEBUG [N/A] [ServerMonitorJob-1] c.m.b.m.AlarmTemplateMapper.findById - ==>  Preparing: SELECT id, name, subject, content, content_type, is_default, create_time, update_time FROM alarm_template WHERE id = ?
2025-12-29 10:00:01.872 DEBUG [N/A] [ServerMonitorJob-1] c.m.b.m.AlarmTemplateMapper.findById - ==> Parameters: 20(Long)
2025-12-29 10:00:01.873 DEBUG [N/A] [ServerMonitorJob-1] c.m.b.m.AlarmTemplateMapper.findById - <==      Total: 1
2025-12-29 10:00:01.873 INFO  [N/A] [ServerMonitorJob-1] c.m.b.a.s.AnnouncementAlarmSender - 系统公告通道准备就绪: taskName=磁盘使用率 [本机测试]
2025-12-29 10:00:01.874 DEBUG [N/A] [ServerMonitorJob-1] c.m.b.m.AlarmHistoryMapper.insert - ==>  Preparing: INSERT INTO alarm_history(task_id, channel_id, trigger_time, trigger_type, trigger_value, threshold_value, message, is_success, error_message) VALUES(?, ?, ?, ?, ?, ?, ?, ?, ?)
2025-12-29 10:00:01.875 DEBUG [N/A] [ServerMonitorJob-1] c.m.b.m.AlarmHistoryMapper.insert - ==> Parameters: 3(Long), 1(Long), 2025-12-29T10:00:01.873915(LocalDateTime), THRESHOLD(String), 53.0(Double), 50.0(Double), > 服务名：**磁盘使用率 [本机测试]**
> IP：**127.0.0.1**
> 内容：磁盘${path}使用率53.00%，超过阈值***50.00%***(String), 1(Integer), null
2025-12-29 10:00:01.879 DEBUG [N/A] [ServerMonitorJob-1] c.m.b.m.AlarmHistoryMapper.insert - <==    Updates: 1
2025-12-29 10:00:01.879 INFO  [N/A] [ServerMonitorJob-1] c.m.b.s.ServerMonitorTaskScheduler - 服务器监控任务执行成功: 磁盘使用率 = 53
2025-12-29 10:00:04.169 INFO  [N/A] [MonitorJob-1] c.m.b.service.TaskMonitoringService - Executing task: 订购统计
2025-12-29 10:00:04.172 DEBUG [N/A] [MonitorJob-1] c.m.b.m.M.findLastSuccessTime - ==>  Preparing: SELECT execution_time FROM monitor_record WHERE task_id = ? AND is_success = 1 ORDER BY execution_time DESC LIMIT 1
2025-12-29 10:00:04.172 DEBUG [N/A] [MonitorJob-1] c.m.b.m.M.findLastSuccessTime - ==> Parameters: 6(Long)
2025-12-29 10:00:04.175 DEBUG [N/A] [MonitorJob-1] c.m.b.m.M.findLastSuccessTime - <==      Total: 1
2025-12-29 10:00:04.191 DEBUG [N/A] [MonitorJob-1] c.m.b.m.MonitorRecordMapper.insert - ==>  Preparing: INSERT INTO monitor_record(task_id, execution_time, is_success, error_message, result_number, result_json) VALUES(?, ?, ?, ?, ?, ?)
2025-12-29 10:00:04.192 DEBUG [N/A] [MonitorJob-1] c.m.b.m.MonitorRecordMapper.insert - ==> Parameters: 6(Long), 2025-12-29T10:00:04.169624(LocalDateTime), 1(Integer), null, null, [{"info":"Data too large, stored in physical table"}](String)
2025-12-29 10:00:04.199 DEBUG [N/A] [MonitorJob-1] c.m.b.m.MonitorRecordMapper.insert - <==    Updates: 1
2025-12-29 10:00:40.487 DEBUG [N/A] [MessageBroker-3] c.m.b.m.A.findNeedEscalation - ==>  Preparing: SELECT id, task_id, task_type, trigger_type, trigger_value, threshold_value, first_trigger_time, last_trigger_time, trigger_count, status, level, acknowledge_by, acknowledge_time, resolve_time, suppressed_until, message, create_time, update_time FROM alarm_active WHERE status = 'FIRING' AND TIMESTAMPDIFF(MINUTE, first_trigger_time, NOW()) >= ? ORDER BY first_trigger_time ASC
2025-12-29 10:00:40.490 DEBUG [N/A] [MessageBroker-3] c.m.b.m.A.findNeedEscalation - ==> Parameters: 30(Integer)
2025-12-29 10:00:40.495 DEBUG [N/A] [MessageBroker-3] c.m.b.m.A.findNeedEscalation - <==      Total: 1
2025-12-29 10:00:40.495 DEBUG [N/A] [MessageBroker-7] c.m.b.s.PerformanceMetricsService - Job workflowDataExtractionJob 当前运行数: 0
2025-12-29 10:01:40.507 DEBUG [N/A] [MessageBroker-5] c.m.b.m.A.findNeedEscalation - ==>  Preparing: SELECT id, task_id, task_type, trigger_type, trigger_value, threshold_value, first_trigger_time, last_trigger_time, trigger_count, status, level, acknowledge_by, acknowledge_time, resolve_time, suppressed_until, message, create_time, update_time FROM alarm_active WHERE status = 'FIRING' AND TIMESTAMPDIFF(MINUTE, first_trigger_time, NOW()) >= ? ORDER BY first_trigger_time ASC
2025-12-29 10:01:40.509 DEBUG [N/A] [MessageBroker-5] c.m.b.m.A.findNeedEscalation - ==> Parameters: 30(Integer)
2025-12-29 10:01:40.518 DEBUG [N/A] [MessageBroker-5] c.m.b.m.A.findNeedEscalation - <==      Total: 1
2025-12-29 10:01:40.519 DEBUG [N/A] [MessageBroker-6] c.m.b.s.PerformanceMetricsService - Job workflowDataExtractionJob 当前运行数: 0
2025-12-29 10:02:40.482 DEBUG [N/A] [MessageBroker-3] c.m.b.m.A.findNeedEscalation - ==>  Preparing: SELECT id, task_id, task_type, trigger_type, trigger_value, threshold_value, first_trigger_time, last_trigger_time, trigger_count, status, level, acknowledge_by, acknowledge_time, resolve_time, suppressed_until, message, create_time, update_time FROM alarm_active WHERE status = 'FIRING' AND TIMESTAMPDIFF(MINUTE, first_trigger_time, NOW()) >= ? ORDER BY first_trigger_time ASC
2025-12-29 10:02:40.487 DEBUG [N/A] [MessageBroker-3] c.m.b.m.A.findNeedEscalation - ==> Parameters: 30(Integer)
2025-12-29 10:02:40.498 DEBUG [N/A] [MessageBroker-3] c.m.b.m.A.findNeedEscalation - <==      Total: 1
2025-12-29 10:02:40.499 DEBUG [N/A] [MessageBroker-9] c.m.b.s.PerformanceMetricsService - Job workflowDataExtractionJob 当前运行数: 0
2025-12-29 10:03:40.486 DEBUG [N/A] [MessageBroker-4] c.m.b.m.A.findNeedEscalation - ==>  Preparing: SELECT id, task_id, task_type, trigger_type, trigger_value, threshold_value, first_trigger_time, last_trigger_time, trigger_count, status, level, acknowledge_by, acknowledge_time, resolve_time, suppressed_until, message, create_time, update_time FROM alarm_active WHERE status = 'FIRING' AND TIMESTAMPDIFF(MINUTE, first_trigger_time, NOW()) >= ? ORDER BY first_trigger_time ASC
2025-12-29 10:03:40.488 DEBUG [N/A] [MessageBroker-4] c.m.b.m.A.findNeedEscalation - ==> Parameters: 30(Integer)
2025-12-29 10:03:40.511 DEBUG [N/A] [MessageBroker-4] c.m.b.m.A.findNeedEscalation - <==      Total: 1
2025-12-29 10:03:40.516 DEBUG [N/A] [MessageBroker-5] c.m.b.s.PerformanceMetricsService - Job workflowDataExtractionJob 当前运行数: 0
2025-12-29 10:04:40.475 DEBUG [N/A] [MessageBroker-2] c.m.b.m.A.findNeedEscalation - ==>  Preparing: SELECT id, task_id, task_type, trigger_type, trigger_value, threshold_value, first_trigger_time, last_trigger_time, trigger_count, status, level, acknowledge_by, acknowledge_time, resolve_time, suppressed_until, message, create_time, update_time FROM alarm_active WHERE status = 'FIRING' AND TIMESTAMPDIFF(MINUTE, first_trigger_time, NOW()) >= ? ORDER BY first_trigger_time ASC
2025-12-29 10:04:40.477 DEBUG [N/A] [MessageBroker-2] c.m.b.m.A.findNeedEscalation - ==> Parameters: 30(Integer)
2025-12-29 10:04:40.485 DEBUG [N/A] [MessageBroker-2] c.m.b.m.A.findNeedEscalation - <==      Total: 1
2025-12-29 10:04:40.486 DEBUG [N/A] [MessageBroker-8] c.m.b.s.PerformanceMetricsService - Job workflowDataExtractionJob 当前运行数: 0
2025-12-29 10:04:59.992 DEBUG [N/A] [ServerMonitorJob-9] c.m.b.m.S.findById - ==>  Preparing: SELECT id, name, server_id, template_id, collect_script, params, threshold_rule, cron_expression, alarm_channels, alarm_template_id, is_active, last_run_time, last_run_status, last_run_value, create_time, update_time FROM server_monitor_task WHERE id = ?
2025-12-29 10:04:59.993 DEBUG [N/A] [ServerMonitorJob-9] c.m.b.m.S.findById - ==> Parameters: 15(Long)
2025-12-29 10:04:59.992 DEBUG [N/A] [ServerMonitorJob-2] c.m.b.m.S.findById - ==>  Preparing: SELECT id, name, server_id, template_id, collect_script, params, threshold_rule, cron_expression, alarm_channels, alarm_template_id, is_active, last_run_time, last_run_status, last_run_value, create_time, update_time FROM server_monitor_task WHERE id = ?
2025-12-29 10:04:59.995 DEBUG [N/A] [ServerMonitorJob-2] c.m.b.m.S.findById - ==> Parameters: 8(Long)
2025-12-29 10:04:59.996 DEBUG [N/A] [ServerMonitorJob-3] c.m.b.m.S.findById - ==>  Preparing: SELECT id, name, server_id, template_id, collect_script, params, threshold_rule, cron_expression, alarm_channels, alarm_template_id, is_active, last_run_time, last_run_status, last_run_value, create_time, update_time FROM server_monitor_task WHERE id = ?
2025-12-29 10:04:59.996 DEBUG [N/A] [ServerMonitorJob-7] c.m.b.m.S.findById - ==>  Preparing: SELECT id, name, server_id, template_id, collect_script, params, threshold_rule, cron_expression, alarm_channels, alarm_template_id, is_active, last_run_time, last_run_status, last_run_value, create_time, update_time FROM server_monitor_task WHERE id = ?
2025-12-29 10:04:59.997 DEBUG [N/A] [ServerMonitorJob-3] c.m.b.m.S.findById - ==> Parameters: 3(Long)
2025-12-29 10:04:59.997 DEBUG [N/A] [ServerMonitorJob-7] c.m.b.m.S.findById - ==> Parameters: 16(Long)
2025-12-29 10:05:00.000 DEBUG [N/A] [ServerMonitorJob-9] c.m.b.m.S.findById - <==      Total: 1
2025-12-29 10:05:00.000 DEBUG [N/A] [ServerMonitorJob-3] c.m.b.m.S.findById - <==      Total: 1
2025-12-29 10:05:00.001 DEBUG [N/A] [ServerMonitorJob-2] c.m.b.m.S.findById - <==      Total: 1
2025-12-29 10:05:00.001 DEBUG [N/A] [ServerMonitorJob-2] c.m.b.m.ServerAssetMapper.findById - ==>  Preparing: SELECT id, name, ip, port, username, auth_type, password_encrypted, private_key_encrypted, group_id, tags, is_active, last_check_time, last_check_status, create_time, update_time FROM server_asset WHERE id = ?
2025-12-29 10:05:00.001 DEBUG [N/A] [ServerMonitorJob-3] c.m.b.m.ServerAssetMapper.findById - ==>  Preparing: SELECT id, name, ip, port, username, auth_type, password_encrypted, private_key_encrypted, group_id, tags, is_active, last_check_time, last_check_status, create_time, update_time FROM server_asset WHERE id = ?
2025-12-29 10:05:00.001 DEBUG [N/A] [ServerMonitorJob-9] c.m.b.m.ServerAssetMapper.findById - ==>  Preparing: SELECT id, name, ip, port, username, auth_type, password_encrypted, private_key_encrypted, group_id, tags, is_active, last_check_time, last_check_status, create_time, update_time FROM server_asset WHERE id = ?
2025-12-29 10:05:00.001 DEBUG [N/A] [ServerMonitorJob-2] c.m.b.m.ServerAssetMapper.findById - ==> Parameters: 2(Long)
2025-12-29 10:05:00.001 DEBUG [N/A] [ServerMonitorJob-3] c.m.b.m.ServerAssetMapper.findById - ==> Parameters: 1(Long)
2025-12-29 10:05:00.001 DEBUG [N/A] [ServerMonitorJob-9] c.m.b.m.ServerAssetMapper.findById - ==> Parameters: 1(Long)
2025-12-29 10:05:00.002 DEBUG [N/A] [ServerMonitorJob-7] c.m.b.m.S.findById - <==      Total: 1
2025-12-29 10:05:00.003 DEBUG [N/A] [ServerMonitorJob-7] c.m.b.m.ServerAssetMapper.findById - ==>  Preparing: SELECT id, name, ip, port, username, auth_type, password_encrypted, private_key_encrypted, group_id, tags, is_active, last_check_time, last_check_status, create_time, update_time FROM server_asset WHERE id = ?
2025-12-29 10:05:00.003 DEBUG [N/A] [ServerMonitorJob-7] c.m.b.m.ServerAssetMapper.findById - ==> Parameters: 1(Long)
2025-12-29 10:05:00.005 DEBUG [N/A] [ServerMonitorJob-9] c.m.b.m.ServerAssetMapper.findById - <==      Total: 1
2025-12-29 10:05:00.005 DEBUG [N/A] [ServerMonitorJob-2] c.m.b.m.ServerAssetMapper.findById - <==      Total: 1
2025-12-29 10:05:00.005 DEBUG [N/A] [ServerMonitorJob-7] c.m.b.m.ServerAssetMapper.findById - <==      Total: 1
2025-12-29 10:05:00.005 DEBUG [N/A] [ServerMonitorJob-3] c.m.b.m.ServerAssetMapper.findById - <==      Total: 1
2025-12-29 10:05:00.005 INFO  [N/A] [ServerMonitorJob-2] c.m.b.s.ServerMonitorTaskScheduler - 执行服务器监控任务: 内存使用率 [192.168.3.20]
2025-12-29 10:05:00.005 INFO  [N/A] [ServerMonitorJob-7] c.m.b.s.ServerMonitorTaskScheduler - 执行服务器监控任务: 内存使用率 [127.0.0.1]
2025-12-29 10:05:00.005 INFO  [N/A] [ServerMonitorJob-9] c.m.b.s.ServerMonitorTaskScheduler - 执行服务器监控任务: 网络连通性 [127.0.0.1]
2025-12-29 10:05:00.005 INFO  [N/A] [ServerMonitorJob-3] c.m.b.s.ServerMonitorTaskScheduler - 执行服务器监控任务: 磁盘使用率 [127.0.0.1]
2025-12-29 10:05:00.005 DEBUG [N/A] [ServerMonitorJob-7] c.m.b.service.SshExecutorService - Executing script locally
2025-12-29 10:05:00.005 DEBUG [N/A] [ServerMonitorJob-2] c.m.b.service.SshExecutorService - Creating SSH session to syiptv@192.168.3.20:22
2025-12-29 10:05:00.005 DEBUG [N/A] [ServerMonitorJob-9] c.m.b.service.SshExecutorService - Executing script locally
2025-12-29 10:05:00.005 DEBUG [N/A] [ServerMonitorJob-3] c.m.b.service.SshExecutorService - Executing script locally
2025-12-29 10:05:00.006 DEBUG [N/A] [ServerMonitorJob-2] c.m.b.service.SshExecutorService - Using password authentication (decrypted from passwordEncrypted)
2025-12-29 10:05:00.030 DEBUG [N/A] [ServerMonitorJob-9] c.m.b.m.S.updateRunStatus - ==>  Preparing: UPDATE server_monitor_task SET last_run_time = ?, last_run_status = ?, last_run_value = ? WHERE id = ?
2025-12-29 10:05:00.030 DEBUG [N/A] [ServerMonitorJob-7] c.m.b.m.S.updateRunStatus - ==>  Preparing: UPDATE server_monitor_task SET last_run_time = ?, last_run_status = ?, last_run_value = ? WHERE id = ?
2025-12-29 10:05:00.030 DEBUG [N/A] [ServerMonitorJob-3] c.m.b.m.S.updateRunStatus - ==>  Preparing: UPDATE server_monitor_task SET last_run_time = ?, last_run_status = ?, last_run_value = ? WHERE id = ?
2025-12-29 10:05:00.030 DEBUG [N/A] [ServerMonitorJob-3] c.m.b.m.S.updateRunStatus - ==> Parameters: 2025-12-29T10:05:00.030362(LocalDateTime), SUCCESS(String), 53(String), 3(Long)
2025-12-29 10:05:00.030 DEBUG [N/A] [ServerMonitorJob-9] c.m.b.m.S.updateRunStatus - ==> Parameters: 2025-12-29T10:05:00.029601(LocalDateTime), SUCCESS(String), 0(String), 15(Long)
2025-12-29 10:05:00.030 DEBUG [N/A] [ServerMonitorJob-7] c.m.b.m.S.updateRunStatus - ==> Parameters: 2025-12-29T10:05:00.030293(LocalDateTime), SUCCESS(String), bash: free: command not found(String), 16(Long)
2025-12-29 10:05:00.048 DEBUG [N/A] [ServerMonitorJob-7] c.m.b.m.S.updateRunStatus - <==    Updates: 1
2025-12-29 10:05:00.048 DEBUG [N/A] [ServerMonitorJob-3] c.m.b.m.S.updateRunStatus - <==    Updates: 1
2025-12-29 10:05:00.048 DEBUG [N/A] [ServerMonitorJob-9] c.m.b.m.S.updateRunStatus - <==    Updates: 1
2025-12-29 10:05:00.049 INFO  [N/A] [ServerMonitorJob-7] c.m.b.s.ServerMonitorTaskScheduler - 服务器监控任务执行成功: 内存使用率 = bash: free: command not found
2025-12-29 10:05:00.052 WARN  [N/A] [ServerMonitorJob-3] c.m.b.s.ServerMonitorTaskScheduler - 服务器告警触发: 磁盘使用率 [127.0.0.1] - 值: 53.0 > 50.0
2025-12-29 10:05:00.052 DEBUG [N/A] [ServerMonitorJob-9] c.m.b.m.A.findByTaskAndType - ==>  Preparing: SELECT id, task_id, task_type, trigger_type, trigger_value, threshold_value, first_trigger_time, last_trigger_time, trigger_count, status, level, acknowledge_by, acknowledge_time, resolve_time, suppressed_until, message, create_time, update_time FROM alarm_active WHERE task_id = ? AND task_type = ? AND status != 'RESOLVED' LIMIT 1
2025-12-29 10:05:00.052 DEBUG [N/A] [ServerMonitorJob-9] c.m.b.m.A.findByTaskAndType - ==> Parameters: 15(Long), SERVER_MONITOR(String)
2025-12-29 10:05:00.053 INFO  [N/A] [ServerMonitorJob-3] c.monitor.backend.alarm.AlarmService - 告警触发: taskId=3, taskType=SERVER_MONITOR, value=53.0, threshold=50.0
2025-12-29 10:05:00.053 DEBUG [N/A] [ServerMonitorJob-3] c.m.b.m.A.findByTaskAndType - ==>  Preparing: SELECT id, task_id, task_type, trigger_type, trigger_value, threshold_value, first_trigger_time, last_trigger_time, trigger_count, status, level, acknowledge_by, acknowledge_time, resolve_time, suppressed_until, message, create_time, update_time FROM alarm_active WHERE task_id = ? AND task_type = ? AND status != 'RESOLVED' LIMIT 1
2025-12-29 10:05:00.053 DEBUG [N/A] [ServerMonitorJob-3] c.m.b.m.A.findByTaskAndType - ==> Parameters: 3(Long), SERVER_MONITOR(String)
2025-12-29 10:05:00.054 DEBUG [N/A] [ServerMonitorJob-9] c.m.b.m.A.findByTaskAndType - <==      Total: 0
2025-12-29 10:05:00.054 INFO  [N/A] [ServerMonitorJob-9] c.m.b.s.ServerMonitorTaskScheduler - 服务器监控任务执行成功: 网络连通性 = 0
2025-12-29 10:05:00.055 DEBUG [N/A] [ServerMonitorJob-3] c.m.b.m.A.findByTaskAndType - <==      Total: 1
2025-12-29 10:05:00.055 DEBUG [N/A] [ServerMonitorJob-3] c.m.b.m.AlarmTemplateMapper.findById - ==>  Preparing: SELECT id, name, subject, content, content_type, is_default, create_time, update_time FROM alarm_template WHERE id = ?
2025-12-29 10:05:00.055 DEBUG [N/A] [ServerMonitorJob-3] c.m.b.m.AlarmTemplateMapper.findById - ==> Parameters: 20(Long)
2025-12-29 10:05:00.057 DEBUG [N/A] [ServerMonitorJob-3] c.m.b.m.AlarmTemplateMapper.findById - <==      Total: 1
2025-12-29 10:05:00.058 DEBUG [N/A] [ServerMonitorJob-3] c.m.b.m.AlarmActiveMapper.update - ==>  Preparing: UPDATE alarm_active SET trigger_value = ?, threshold_value = ?, last_trigger_time = ?, trigger_count = ?, status = ?, level = ?, acknowledge_by = ?, acknowledge_time = ?, resolve_time = ?, suppressed_until = ?, message = ?, update_time = NOW() WHERE id = ?
2025-12-29 10:05:00.059 DEBUG [N/A] [ServerMonitorJob-3] c.m.b.m.AlarmActiveMapper.update - ==> Parameters: 53.0(Double), 50.0(Double), 2025-12-29T10:05:00.055304(LocalDateTime), 9(Integer), FIRING(String), CRITICAL(String), null, null, null, null, > 服务名：**磁盘使用率 [本机测试]**
> IP：**127.0.0.1**
> 内容：磁盘${path}使用率53.00%，超过阈值***50.00%***(String), 9(Long)
2025-12-29 10:05:00.064 DEBUG [N/A] [ServerMonitorJob-3] c.m.b.m.AlarmActiveMapper.update - <==    Updates: 1
2025-12-29 10:05:00.064 INFO  [N/A] [ServerMonitorJob-3] c.monitor.backend.alarm.AlarmService - 更新告警: id=9, triggerCount=9
2025-12-29 10:05:00.065 DEBUG [N/A] [ServerMonitorJob-3] org.springframework.web.SimpLogging - Processing MESSAGE destination=/topic/alarm session=null payload={"type":"FIRING","id":9,"taskId":3,"taskType":"SERVER_MONITOR","level":"CRITICAL...(truncated)
2025-12-29 10:05:00.065 DEBUG [N/A] [ServerMonitorJob-3] org.springframework.web.SimpLogging - Broadcasting to 1 sessions.
2025-12-29 10:05:00.065 INFO  [N/A] [ServerMonitorJob-3] c.m.b.alarm.AlarmWebSocketService - 告警广播成功: alarmId=9, level=CRITICAL
2025-12-29 10:05:00.065 DEBUG [N/A] [ServerMonitorJob-3] c.m.b.m.AlarmChannelMapper.findById - ==>  Preparing: SELECT id, name, type, config, is_active, create_time, update_time FROM alarm_channel WHERE id = ?
2025-12-29 10:05:00.065 DEBUG [N/A] [ServerMonitorJob-3] c.m.b.m.AlarmChannelMapper.findById - ==> Parameters: 4(Long)
2025-12-29 10:05:00.066 DEBUG [N/A] [ServerMonitorJob-3] c.m.b.m.AlarmChannelMapper.findById - <==      Total: 1
2025-12-29 10:05:00.067 DEBUG [N/A] [ServerMonitorJob-3] c.m.b.m.AlarmTemplateMapper.findById - ==>  Preparing: SELECT id, name, subject, content, content_type, is_default, create_time, update_time FROM alarm_template WHERE id = ?
2025-12-29 10:05:00.067 DEBUG [N/A] [ServerMonitorJob-3] c.m.b.m.AlarmTemplateMapper.findById - ==> Parameters: 20(Long)
2025-12-29 10:05:00.067 DEBUG [N/A] [ServerMonitorJob-3] c.m.b.m.AlarmTemplateMapper.findById - <==      Total: 1
2025-12-29 10:05:00.376 INFO  [N/A] [ServerMonitorJob-3] c.m.b.alarm.sender.WeChatAlarmSender - 企业微信告警发送成功: taskName=磁盘使用率 [本机测试]
2025-12-29 10:05:00.376 DEBUG [N/A] [ServerMonitorJob-3] c.m.b.m.AlarmHistoryMapper.insert - ==>  Preparing: INSERT INTO alarm_history(task_id, channel_id, trigger_time, trigger_type, trigger_value, threshold_value, message, is_success, error_message) VALUES(?, ?, ?, ?, ?, ?, ?, ?, ?)
2025-12-29 10:05:00.377 DEBUG [N/A] [ServerMonitorJob-3] c.m.b.m.AlarmHistoryMapper.insert - ==> Parameters: 3(Long), 4(Long), 2025-12-29T10:05:00.376213(LocalDateTime), THRESHOLD(String), 53.0(Double), 50.0(Double), > 服务名：**磁盘使用率 [本机测试]**
> IP：**127.0.0.1**
> 内容：磁盘${path}使用率53.00%，超过阈值***50.00%***(String), 1(Integer), null
2025-12-29 10:05:00.390 DEBUG [N/A] [ServerMonitorJob-3] c.m.b.m.AlarmHistoryMapper.insert - <==    Updates: 1
2025-12-29 10:05:00.392 DEBUG [N/A] [ServerMonitorJob-3] c.m.b.m.AlarmChannelMapper.findById - ==>  Preparing: SELECT id, name, type, config, is_active, create_time, update_time FROM alarm_channel WHERE id = ?
2025-12-29 10:05:00.392 DEBUG [N/A] [ServerMonitorJob-3] c.m.b.m.AlarmChannelMapper.findById - ==> Parameters: 3(Long)
2025-12-29 10:05:00.395 DEBUG [N/A] [ServerMonitorJob-3] c.m.b.m.AlarmChannelMapper.findById - <==      Total: 1
2025-12-29 10:05:00.395 DEBUG [N/A] [ServerMonitorJob-3] c.m.b.m.AlarmTemplateMapper.findById - ==>  Preparing: SELECT id, name, subject, content, content_type, is_default, create_time, update_time FROM alarm_template WHERE id = ?
2025-12-29 10:05:00.395 DEBUG [N/A] [ServerMonitorJob-3] c.m.b.m.AlarmTemplateMapper.findById - ==> Parameters: 20(Long)
2025-12-29 10:05:00.397 DEBUG [N/A] [ServerMonitorJob-3] c.m.b.m.AlarmTemplateMapper.findById - <==      Total: 1
2025-12-29 10:05:00.585 INFO  [N/A] [ServerMonitorJob-2] c.m.b.service.SshExecutorService - SSH session connected to syiptv@192.168.3.20
2025-12-29 10:05:00.648 INFO  [N/A] [ServerMonitorJob-3] c.m.b.a.sender.DingTalkAlarmSender - 钉钉告警发送成功: taskName=磁盘使用率 [本机测试]
2025-12-29 10:05:00.648 DEBUG [N/A] [ServerMonitorJob-3] c.m.b.m.AlarmHistoryMapper.insert - ==>  Preparing: INSERT INTO alarm_history(task_id, channel_id, trigger_time, trigger_type, trigger_value, threshold_value, message, is_success, error_message) VALUES(?, ?, ?, ?, ?, ?, ?, ?, ?)
2025-12-29 10:05:00.648 DEBUG [N/A] [ServerMonitorJob-3] c.m.b.m.AlarmHistoryMapper.insert - ==> Parameters: 3(Long), 3(Long), 2025-12-29T10:05:00.648475(LocalDateTime), THRESHOLD(String), 53.0(Double), 50.0(Double), > 服务名：**磁盘使用率 [本机测试]**
> IP：**127.0.0.1**
> 内容：磁盘${path}使用率53.00%，超过阈值***50.00%***(String), 1(Integer), null
2025-12-29 10:05:00.655 DEBUG [N/A] [ServerMonitorJob-3] c.m.b.m.AlarmHistoryMapper.insert - <==    Updates: 1
2025-12-29 10:05:00.656 DEBUG [N/A] [ServerMonitorJob-3] c.m.b.m.AlarmChannelMapper.findById - ==>  Preparing: SELECT id, name, type, config, is_active, create_time, update_time FROM alarm_channel WHERE id = ?
2025-12-29 10:05:00.656 DEBUG [N/A] [ServerMonitorJob-3] c.m.b.m.AlarmChannelMapper.findById - ==> Parameters: 2(Long)
2025-12-29 10:05:00.656 DEBUG [N/A] [ServerMonitorJob-3] c.m.b.m.AlarmChannelMapper.findById - <==      Total: 1
2025-12-29 10:05:00.657 DEBUG [N/A] [ServerMonitorJob-3] c.m.b.m.AlarmTemplateMapper.findById - ==>  Preparing: SELECT id, name, subject, content, content_type, is_default, create_time, update_time FROM alarm_template WHERE id = ?
2025-12-29 10:05:00.657 DEBUG [N/A] [ServerMonitorJob-3] c.m.b.m.AlarmTemplateMapper.findById - ==> Parameters: 20(Long)
2025-12-29 10:05:00.657 DEBUG [N/A] [ServerMonitorJob-3] c.m.b.m.AlarmTemplateMapper.findById - <==      Total: 1
2025-12-29 10:05:00.765 DEBUG [N/A] [ServerMonitorJob-2] c.m.b.service.SshExecutorService - SSH session disconnected
2025-12-29 10:05:00.766 DEBUG [N/A] [ServerMonitorJob-2] c.m.b.m.S.updateRunStatus - ==>  Preparing: UPDATE server_monitor_task SET last_run_time = ?, last_run_status = ?, last_run_value = ? WHERE id = ?
2025-12-29 10:05:00.767 DEBUG [N/A] [ServerMonitorJob-2] c.m.b.m.S.updateRunStatus - ==> Parameters: 2025-12-29T10:05:00.765452(LocalDateTime), SUCCESS(String), 68(String), 8(Long)
2025-12-29 10:05:00.772 DEBUG [N/A] [ServerMonitorJob-2] c.m.b.m.S.updateRunStatus - <==    Updates: 1
2025-12-29 10:05:00.772 DEBUG [N/A] [ServerMonitorJob-2] c.m.b.m.A.findByTaskAndType - ==>  Preparing: SELECT id, task_id, task_type, trigger_type, trigger_value, threshold_value, first_trigger_time, last_trigger_time, trigger_count, status, level, acknowledge_by, acknowledge_time, resolve_time, suppressed_until, message, create_time, update_time FROM alarm_active WHERE task_id = ? AND task_type = ? AND status != 'RESOLVED' LIMIT 1
2025-12-29 10:05:00.772 DEBUG [N/A] [ServerMonitorJob-2] c.m.b.m.A.findByTaskAndType - ==> Parameters: 8(Long), SERVER_MONITOR(String)
2025-12-29 10:05:00.773 DEBUG [N/A] [ServerMonitorJob-2] c.m.b.m.A.findByTaskAndType - <==      Total: 0
2025-12-29 10:05:00.773 INFO  [N/A] [ServerMonitorJob-2] c.m.b.s.ServerMonitorTaskScheduler - 服务器监控任务执行成功: 内存使用率 = 68
2025-12-29 10:05:01.678 INFO  [N/A] [ServerMonitorJob-3] c.m.b.alarm.sender.EmailAlarmSender - 邮件告警发送成功: to=yuxc.gm@gmail.com, subject=【告警】磁盘使用率 [本机测试]
2025-12-29 10:05:01.682 DEBUG [N/A] [ServerMonitorJob-3] c.m.b.m.AlarmHistoryMapper.insert - ==>  Preparing: INSERT INTO alarm_history(task_id, channel_id, trigger_time, trigger_type, trigger_value, threshold_value, message, is_success, error_message) VALUES(?, ?, ?, ?, ?, ?, ?, ?, ?)
2025-12-29 10:05:01.682 DEBUG [N/A] [ServerMonitorJob-3] c.m.b.m.AlarmHistoryMapper.insert - ==> Parameters: 3(Long), 2(Long), 2025-12-29T10:05:01.678948(LocalDateTime), THRESHOLD(String), 53.0(Double), 50.0(Double), > 服务名：**磁盘使用率 [本机测试]**
> IP：**127.0.0.1**
> 内容：磁盘${path}使用率53.00%，超过阈值***50.00%***(String), 1(Integer), null
2025-12-29 10:05:01.690 DEBUG [N/A] [ServerMonitorJob-3] c.m.b.m.AlarmHistoryMapper.insert - <==    Updates: 1
2025-12-29 10:05:01.690 DEBUG [N/A] [ServerMonitorJob-3] c.m.b.m.AlarmChannelMapper.findById - ==>  Preparing: SELECT id, name, type, config, is_active, create_time, update_time FROM alarm_channel WHERE id = ?
2025-12-29 10:05:01.690 DEBUG [N/A] [ServerMonitorJob-3] c.m.b.m.AlarmChannelMapper.findById - ==> Parameters: 1(Long)
2025-12-29 10:05:01.692 DEBUG [N/A] [ServerMonitorJob-3] c.m.b.m.AlarmChannelMapper.findById - <==      Total: 1
2025-12-29 10:05:01.692 DEBUG [N/A] [ServerMonitorJob-3] c.m.b.m.AlarmTemplateMapper.findById - ==>  Preparing: SELECT id, name, subject, content, content_type, is_default, create_time, update_time FROM alarm_template WHERE id = ?
2025-12-29 10:05:01.692 DEBUG [N/A] [ServerMonitorJob-3] c.m.b.m.AlarmTemplateMapper.findById - ==> Parameters: 20(Long)
2025-12-29 10:05:01.693 DEBUG [N/A] [ServerMonitorJob-3] c.m.b.m.AlarmTemplateMapper.findById - <==      Total: 1
2025-12-29 10:05:01.693 INFO  [N/A] [ServerMonitorJob-3] c.m.b.a.s.AnnouncementAlarmSender - 系统公告通道准备就绪: taskName=磁盘使用率 [本机测试]
2025-12-29 10:05:01.693 DEBUG [N/A] [ServerMonitorJob-3] c.m.b.m.AlarmHistoryMapper.insert - ==>  Preparing: INSERT INTO alarm_history(task_id, channel_id, trigger_time, trigger_type, trigger_value, threshold_value, message, is_success, error_message) VALUES(?, ?, ?, ?, ?, ?, ?, ?, ?)
2025-12-29 10:05:01.694 DEBUG [N/A] [ServerMonitorJob-3] c.m.b.m.AlarmHistoryMapper.insert - ==> Parameters: 3(Long), 1(Long), 2025-12-29T10:05:01.693689(LocalDateTime), THRESHOLD(String), 53.0(Double), 50.0(Double), > 服务名：**磁盘使用率 [本机测试]**
> IP：**127.0.0.1**
> 内容：磁盘${path}使用率53.00%，超过阈值***50.00%***(String), 1(Integer), null
2025-12-29 10:05:01.698 DEBUG [N/A] [ServerMonitorJob-3] c.m.b.m.AlarmHistoryMapper.insert - <==    Updates: 1
2025-12-29 10:05:01.698 INFO  [N/A] [ServerMonitorJob-3] c.m.b.s.ServerMonitorTaskScheduler - 服务器监控任务执行成功: 磁盘使用率 = 53
2025-12-29 10:05:40.474 DEBUG [N/A] [MessageBroker-1] c.m.b.m.A.findNeedEscalation - ==>  Preparing: SELECT id, task_id, task_type, trigger_type, trigger_value, threshold_value, first_trigger_time, last_trigger_time, trigger_count, status, level, acknowledge_by, acknowledge_time, resolve_time, suppressed_until, message, create_time, update_time FROM alarm_active WHERE status = 'FIRING' AND TIMESTAMPDIFF(MINUTE, first_trigger_time, NOW()) >= ? ORDER BY first_trigger_time ASC
2025-12-29 10:05:40.477 DEBUG [N/A] [MessageBroker-1] c.m.b.m.A.findNeedEscalation - ==> Parameters: 30(Integer)
2025-12-29 10:05:40.491 DEBUG [N/A] [MessageBroker-1] c.m.b.m.A.findNeedEscalation - <==      Total: 1
2025-12-29 10:05:40.492 DEBUG [N/A] [MessageBroker-4] c.m.b.s.PerformanceMetricsService - Job workflowDataExtractionJob 当前运行数: 0
2025-12-29 10:06:40.474 DEBUG [N/A] [MessageBroker-5] c.m.b.m.A.findNeedEscalation - ==>  Preparing: SELECT id, task_id, task_type, trigger_type, trigger_value, threshold_value, first_trigger_time, last_trigger_time, trigger_count, status, level, acknowledge_by, acknowledge_time, resolve_time, suppressed_until, message, create_time, update_time FROM alarm_active WHERE status = 'FIRING' AND TIMESTAMPDIFF(MINUTE, first_trigger_time, NOW()) >= ? ORDER BY first_trigger_time ASC
2025-12-29 10:06:40.476 DEBUG [N/A] [MessageBroker-5] c.m.b.m.A.findNeedEscalation - ==> Parameters: 30(Integer)
2025-12-29 10:06:40.490 DEBUG [N/A] [MessageBroker-5] c.m.b.m.A.findNeedEscalation - <==      Total: 1
2025-12-29 10:06:40.493 DEBUG [N/A] [MessageBroker-1] c.m.b.s.PerformanceMetricsService - Job workflowDataExtractionJob 当前运行数: 0
2025-12-29 10:07:40.464 DEBUG [N/A] [MessageBroker-7] c.m.b.m.A.findNeedEscalation - ==>  Preparing: SELECT id, task_id, task_type, trigger_type, trigger_value, threshold_value, first_trigger_time, last_trigger_time, trigger_count, status, level, acknowledge_by, acknowledge_time, resolve_time, suppressed_until, message, create_time, update_time FROM alarm_active WHERE status = 'FIRING' AND TIMESTAMPDIFF(MINUTE, first_trigger_time, NOW()) >= ? ORDER BY first_trigger_time ASC
2025-12-29 10:07:40.466 DEBUG [N/A] [MessageBroker-7] c.m.b.m.A.findNeedEscalation - ==> Parameters: 30(Integer)
2025-12-29 10:07:40.472 DEBUG [N/A] [MessageBroker-7] c.m.b.m.A.findNeedEscalation - <==      Total: 1
2025-12-29 10:07:40.479 DEBUG [N/A] [MessageBroker-6] c.m.b.s.PerformanceMetricsService - Job workflowDataExtractionJob 当前运行数: 0
2025-12-29 10:08:40.461 DEBUG [N/A] [MessageBroker-2] c.m.b.m.A.findNeedEscalation - ==>  Preparing: SELECT id, task_id, task_type, trigger_type, trigger_value, threshold_value, first_trigger_time, last_trigger_time, trigger_count, status, level, acknowledge_by, acknowledge_time, resolve_time, suppressed_until, message, create_time, update_time FROM alarm_active WHERE status = 'FIRING' AND TIMESTAMPDIFF(MINUTE, first_trigger_time, NOW()) >= ? ORDER BY first_trigger_time ASC
2025-12-29 10:08:40.463 DEBUG [N/A] [MessageBroker-2] c.m.b.m.A.findNeedEscalation - ==> Parameters: 30(Integer)
2025-12-29 10:08:40.469 DEBUG [N/A] [MessageBroker-2] c.m.b.m.A.findNeedEscalation - <==      Total: 1
2025-12-29 10:08:40.469 DEBUG [N/A] [MessageBroker-5] c.m.b.s.PerformanceMetricsService - Job workflowDataExtractionJob 当前运行数: 0
2025-12-29 10:09:40.456 DEBUG [N/A] [MessageBroker-9] c.m.b.m.A.findNeedEscalation - ==>  Preparing: SELECT id, task_id, task_type, trigger_type, trigger_value, threshold_value, first_trigger_time, last_trigger_time, trigger_count, status, level, acknowledge_by, acknowledge_time, resolve_time, suppressed_until, message, create_time, update_time FROM alarm_active WHERE status = 'FIRING' AND TIMESTAMPDIFF(MINUTE, first_trigger_time, NOW()) >= ? ORDER BY first_trigger_time ASC
2025-12-29 10:09:40.458 DEBUG [N/A] [MessageBroker-9] c.m.b.m.A.findNeedEscalation - ==> Parameters: 30(Integer)
2025-12-29 10:09:40.466 DEBUG [N/A] [MessageBroker-9] c.m.b.m.A.findNeedEscalation - <==      Total: 1
2025-12-29 10:09:40.467 DEBUG [N/A] [MessageBroker-10] c.m.b.s.PerformanceMetricsService - Job workflowDataExtractionJob 当前运行数: 0
2025-12-29 10:09:59.992 DEBUG [N/A] [ServerMonitorJob-10] c.m.b.m.S.findById - ==>  Preparing: SELECT id, name, server_id, template_id, collect_script, params, threshold_rule, cron_expression, alarm_channels, alarm_template_id, is_active, last_run_time, last_run_status, last_run_value, create_time, update_time FROM server_monitor_task WHERE id = ?
2025-12-29 10:09:59.992 DEBUG [N/A] [ServerMonitorJob-10] c.m.b.m.S.findById - ==> Parameters: 3(Long)
2025-12-29 10:09:59.992 DEBUG [N/A] [ServerMonitorJob-6] c.m.b.m.S.findById - ==>  Preparing: SELECT id, name, server_id, template_id, collect_script, params, threshold_rule, cron_expression, alarm_channels, alarm_template_id, is_active, last_run_time, last_run_status, last_run_value, create_time, update_time FROM server_monitor_task WHERE id = ?
2025-12-29 10:09:59.992 DEBUG [N/A] [ServerMonitorJob-6] c.m.b.m.S.findById - ==> Parameters: 15(Long)
2025-12-29 10:09:59.993 DEBUG [N/A] [ServerMonitorJob-5] c.m.b.m.S.findById - ==>  Preparing: SELECT id, name, server_id, template_id, collect_script, params, threshold_rule, cron_expression, alarm_channels, alarm_template_id, is_active, last_run_time, last_run_status, last_run_value, create_time, update_time FROM server_monitor_task WHERE id = ?
2025-12-29 10:09:59.993 DEBUG [N/A] [ServerMonitorJob-5] c.m.b.m.S.findById - ==> Parameters: 8(Long)
2025-12-29 10:09:59.992 DEBUG [N/A] [ServerMonitorJob-8] c.m.b.m.S.findById - ==>  Preparing: SELECT id, name, server_id, template_id, collect_script, params, threshold_rule, cron_expression, alarm_channels, alarm_template_id, is_active, last_run_time, last_run_status, last_run_value, create_time, update_time FROM server_monitor_task WHERE id = ?
2025-12-29 10:09:59.993 DEBUG [N/A] [ServerMonitorJob-8] c.m.b.m.S.findById - ==> Parameters: 16(Long)
2025-12-29 10:09:59.995 DEBUG [N/A] [ServerMonitorJob-10] c.m.b.m.S.findById - <==      Total: 1
2025-12-29 10:09:59.996 DEBUG [N/A] [ServerMonitorJob-10] c.m.b.m.ServerAssetMapper.findById - ==>  Preparing: SELECT id, name, ip, port, username, auth_type, password_encrypted, private_key_encrypted, group_id, tags, is_active, last_check_time, last_check_status, create_time, update_time FROM server_asset WHERE id = ?
2025-12-29 10:09:59.996 DEBUG [N/A] [ServerMonitorJob-10] c.m.b.m.ServerAssetMapper.findById - ==> Parameters: 1(Long)
2025-12-29 10:09:59.997 DEBUG [N/A] [ServerMonitorJob-8] c.m.b.m.S.findById - <==      Total: 1
2025-12-29 10:09:59.997 DEBUG [N/A] [ServerMonitorJob-6] c.m.b.m.S.findById - <==      Total: 1
2025-12-29 10:09:59.998 DEBUG [N/A] [ServerMonitorJob-8] c.m.b.m.ServerAssetMapper.findById - ==>  Preparing: SELECT id, name, ip, port, username, auth_type, password_encrypted, private_key_encrypted, group_id, tags, is_active, last_check_time, last_check_status, create_time, update_time FROM server_asset WHERE id = ?
2025-12-29 10:09:59.998 DEBUG [N/A] [ServerMonitorJob-6] c.m.b.m.ServerAssetMapper.findById - ==>  Preparing: SELECT id, name, ip, port, username, auth_type, password_encrypted, private_key_encrypted, group_id, tags, is_active, last_check_time, last_check_status, create_time, update_time FROM server_asset WHERE id = ?
2025-12-29 10:09:59.998 DEBUG [N/A] [ServerMonitorJob-6] c.m.b.m.ServerAssetMapper.findById - ==> Parameters: 1(Long)
2025-12-29 10:09:59.998 DEBUG [N/A] [ServerMonitorJob-8] c.m.b.m.ServerAssetMapper.findById - ==> Parameters: 1(Long)
2025-12-29 10:09:59.999 DEBUG [N/A] [ServerMonitorJob-5] c.m.b.m.S.findById - <==      Total: 1
2025-12-29 10:09:59.999 DEBUG [N/A] [ServerMonitorJob-5] c.m.b.m.ServerAssetMapper.findById - ==>  Preparing: SELECT id, name, ip, port, username, auth_type, password_encrypted, private_key_encrypted, group_id, tags, is_active, last_check_time, last_check_status, create_time, update_time FROM server_asset WHERE id = ?
2025-12-29 10:09:59.999 DEBUG [N/A] [ServerMonitorJob-10] c.m.b.m.ServerAssetMapper.findById - <==      Total: 1
2025-12-29 10:09:59.999 DEBUG [N/A] [ServerMonitorJob-5] c.m.b.m.ServerAssetMapper.findById - ==> Parameters: 2(Long)
2025-12-29 10:09:59.999 INFO  [N/A] [ServerMonitorJob-10] c.m.b.s.ServerMonitorTaskScheduler - 执行服务器监控任务: 磁盘使用率 [127.0.0.1]
2025-12-29 10:10:00.000 DEBUG [N/A] [ServerMonitorJob-10] c.m.b.service.SshExecutorService - Executing script locally
2025-12-29 10:10:00.001 DEBUG [N/A] [ServerMonitorJob-8] c.m.b.m.ServerAssetMapper.findById - <==      Total: 1
2025-12-29 10:10:00.001 INFO  [N/A] [ServerMonitorJob-8] c.m.b.s.ServerMonitorTaskScheduler - 执行服务器监控任务: 内存使用率 [127.0.0.1]
2025-12-29 10:10:00.001 DEBUG [N/A] [ServerMonitorJob-8] c.m.b.service.SshExecutorService - Executing script locally
2025-12-29 10:10:00.001 DEBUG [N/A] [ServerMonitorJob-6] c.m.b.m.ServerAssetMapper.findById - <==      Total: 1
2025-12-29 10:10:00.001 DEBUG [N/A] [ServerMonitorJob-5] c.m.b.m.ServerAssetMapper.findById - <==      Total: 1
2025-12-29 10:10:00.001 INFO  [N/A] [ServerMonitorJob-6] c.m.b.s.ServerMonitorTaskScheduler - 执行服务器监控任务: 网络连通性 [127.0.0.1]
2025-12-29 10:10:00.001 DEBUG [N/A] [ServerMonitorJob-6] c.m.b.service.SshExecutorService - Executing script locally
2025-12-29 10:10:00.001 INFO  [N/A] [ServerMonitorJob-5] c.m.b.s.ServerMonitorTaskScheduler - 执行服务器监控任务: 内存使用率 [192.168.3.20]
2025-12-29 10:10:00.001 DEBUG [N/A] [ServerMonitorJob-5] c.m.b.service.SshExecutorService - Creating SSH session to syiptv@192.168.3.20:22
2025-12-29 10:10:00.002 DEBUG [N/A] [ServerMonitorJob-5] c.m.b.service.SshExecutorService - Using password authentication (decrypted from passwordEncrypted)
2025-12-29 10:10:00.017 DEBUG [N/A] [ServerMonitorJob-6] c.m.b.m.S.updateRunStatus - ==>  Preparing: UPDATE server_monitor_task SET last_run_time = ?, last_run_status = ?, last_run_value = ? WHERE id = ?
2025-12-29 10:10:00.018 DEBUG [N/A] [ServerMonitorJob-6] c.m.b.m.S.updateRunStatus - ==> Parameters: 2025-12-29T10:10:00.017403(LocalDateTime), SUCCESS(String), 0(String), 15(Long)
2025-12-29 10:10:00.018 DEBUG [N/A] [ServerMonitorJob-10] c.m.b.m.S.updateRunStatus - ==>  Preparing: UPDATE server_monitor_task SET last_run_time = ?, last_run_status = ?, last_run_value = ? WHERE id = ?
2025-12-29 10:10:00.018 DEBUG [N/A] [ServerMonitorJob-8] c.m.b.m.S.updateRunStatus - ==>  Preparing: UPDATE server_monitor_task SET last_run_time = ?, last_run_status = ?, last_run_value = ? WHERE id = ?
2025-12-29 10:10:00.018 DEBUG [N/A] [ServerMonitorJob-10] c.m.b.m.S.updateRunStatus - ==> Parameters: 2025-12-29T10:10:00.018580(LocalDateTime), SUCCESS(String), 54(String), 3(Long)
2025-12-29 10:10:00.018 DEBUG [N/A] [ServerMonitorJob-8] c.m.b.m.S.updateRunStatus - ==> Parameters: 2025-12-29T10:10:00.018552(LocalDateTime), SUCCESS(String), bash: free: command not found(String), 16(Long)
2025-12-29 10:10:00.034 DEBUG [N/A] [ServerMonitorJob-10] c.m.b.m.S.updateRunStatus - <==    Updates: 1
2025-12-29 10:10:00.034 DEBUG [N/A] [ServerMonitorJob-8] c.m.b.m.S.updateRunStatus - <==    Updates: 1
2025-12-29 10:10:00.034 DEBUG [N/A] [ServerMonitorJob-6] c.m.b.m.S.updateRunStatus - <==    Updates: 1
2025-12-29 10:10:00.035 INFO  [N/A] [ServerMonitorJob-8] c.m.b.s.ServerMonitorTaskScheduler - 服务器监控任务执行成功: 内存使用率 = bash: free: command not found
2025-12-29 10:10:00.035 WARN  [N/A] [ServerMonitorJob-10] c.m.b.s.ServerMonitorTaskScheduler - 服务器告警触发: 磁盘使用率 [127.0.0.1] - 值: 54.0 > 50.0
2025-12-29 10:10:00.036 DEBUG [N/A] [ServerMonitorJob-6] c.m.b.m.A.findByTaskAndType - ==>  Preparing: SELECT id, task_id, task_type, trigger_type, trigger_value, threshold_value, first_trigger_time, last_trigger_time, trigger_count, status, level, acknowledge_by, acknowledge_time, resolve_time, suppressed_until, message, create_time, update_time FROM alarm_active WHERE task_id = ? AND task_type = ? AND status != 'RESOLVED' LIMIT 1
2025-12-29 10:10:00.036 INFO  [N/A] [ServerMonitorJob-10] c.monitor.backend.alarm.AlarmService - 告警触发: taskId=3, taskType=SERVER_MONITOR, value=54.0, threshold=50.0
2025-12-29 10:10:00.036 DEBUG [N/A] [ServerMonitorJob-10] c.m.b.m.A.findByTaskAndType - ==>  Preparing: SELECT id, task_id, task_type, trigger_type, trigger_value, threshold_value, first_trigger_time, last_trigger_time, trigger_count, status, level, acknowledge_by, acknowledge_time, resolve_time, suppressed_until, message, create_time, update_time FROM alarm_active WHERE task_id = ? AND task_type = ? AND status != 'RESOLVED' LIMIT 1
2025-12-29 10:10:00.036 DEBUG [N/A] [ServerMonitorJob-10] c.m.b.m.A.findByTaskAndType - ==> Parameters: 3(Long), SERVER_MONITOR(String)
2025-12-29 10:10:00.036 DEBUG [N/A] [ServerMonitorJob-6] c.m.b.m.A.findByTaskAndType - ==> Parameters: 15(Long), SERVER_MONITOR(String)
2025-12-29 10:10:00.037 DEBUG [N/A] [ServerMonitorJob-6] c.m.b.m.A.findByTaskAndType - <==      Total: 0
2025-12-29 10:10:00.037 INFO  [N/A] [ServerMonitorJob-6] c.m.b.s.ServerMonitorTaskScheduler - 服务器监控任务执行成功: 网络连通性 = 0
2025-12-29 10:10:00.037 DEBUG [N/A] [ServerMonitorJob-10] c.m.b.m.A.findByTaskAndType - <==      Total: 1
2025-12-29 10:10:00.037 DEBUG [N/A] [ServerMonitorJob-10] c.m.b.m.AlarmTemplateMapper.findById - ==>  Preparing: SELECT id, name, subject, content, content_type, is_default, create_time, update_time FROM alarm_template WHERE id = ?
2025-12-29 10:10:00.037 DEBUG [N/A] [ServerMonitorJob-10] c.m.b.m.AlarmTemplateMapper.findById - ==> Parameters: 20(Long)
2025-12-29 10:10:00.038 DEBUG [N/A] [ServerMonitorJob-10] c.m.b.m.AlarmTemplateMapper.findById - <==      Total: 1
2025-12-29 10:10:00.039 DEBUG [N/A] [ServerMonitorJob-10] c.m.b.m.AlarmActiveMapper.update - ==>  Preparing: UPDATE alarm_active SET trigger_value = ?, threshold_value = ?, last_trigger_time = ?, trigger_count = ?, status = ?, level = ?, acknowledge_by = ?, acknowledge_time = ?, resolve_time = ?, suppressed_until = ?, message = ?, update_time = NOW() WHERE id = ?
2025-12-29 10:10:00.039 DEBUG [N/A] [ServerMonitorJob-10] c.m.b.m.AlarmActiveMapper.update - ==> Parameters: 54.0(Double), 50.0(Double), 2025-12-29T10:10:00.037673(LocalDateTime), 10(Integer), FIRING(String), CRITICAL(String), null, null, null, null, > 服务名：**磁盘使用率 [本机测试]**
> IP：**127.0.0.1**
> 内容：磁盘${path}使用率54.00%，超过阈值***50.00%***(String), 9(Long)
2025-12-29 10:10:00.043 DEBUG [N/A] [ServerMonitorJob-10] c.m.b.m.AlarmActiveMapper.update - <==    Updates: 1
2025-12-29 10:10:00.043 INFO  [N/A] [ServerMonitorJob-10] c.monitor.backend.alarm.AlarmService - 更新告警: id=9, triggerCount=10
2025-12-29 10:10:00.044 DEBUG [N/A] [ServerMonitorJob-10] org.springframework.web.SimpLogging - Processing MESSAGE destination=/topic/alarm session=null payload={"type":"FIRING","id":9,"taskId":3,"taskType":"SERVER_MONITOR","level":"CRITICAL...(truncated)
2025-12-29 10:10:00.044 DEBUG [N/A] [ServerMonitorJob-10] org.springframework.web.SimpLogging - Broadcasting to 1 sessions.
2025-12-29 10:10:00.044 INFO  [N/A] [ServerMonitorJob-10] c.m.b.alarm.AlarmWebSocketService - 告警广播成功: alarmId=9, level=CRITICAL
2025-12-29 10:10:00.044 DEBUG [N/A] [ServerMonitorJob-10] c.m.b.m.AlarmChannelMapper.findById - ==>  Preparing: SELECT id, name, type, config, is_active, create_time, update_time FROM alarm_channel WHERE id = ?
2025-12-29 10:10:00.045 DEBUG [N/A] [ServerMonitorJob-10] c.m.b.m.AlarmChannelMapper.findById - ==> Parameters: 4(Long)
2025-12-29 10:10:00.047 DEBUG [N/A] [ServerMonitorJob-10] c.m.b.m.AlarmChannelMapper.findById - <==      Total: 1
2025-12-29 10:10:00.047 DEBUG [N/A] [ServerMonitorJob-10] c.m.b.m.AlarmTemplateMapper.findById - ==>  Preparing: SELECT id, name, subject, content, content_type, is_default, create_time, update_time FROM alarm_template WHERE id = ?
2025-12-29 10:10:00.047 DEBUG [N/A] [ServerMonitorJob-10] c.m.b.m.AlarmTemplateMapper.findById - ==> Parameters: 20(Long)
2025-12-29 10:10:00.048 DEBUG [N/A] [ServerMonitorJob-10] c.m.b.m.AlarmTemplateMapper.findById - <==      Total: 1
2025-12-29 10:10:00.358 INFO  [N/A] [ServerMonitorJob-10] c.m.b.alarm.sender.WeChatAlarmSender - 企业微信告警发送成功: taskName=磁盘使用率 [本机测试]
2025-12-29 10:10:00.358 DEBUG [N/A] [ServerMonitorJob-10] c.m.b.m.AlarmHistoryMapper.insert - ==>  Preparing: INSERT INTO alarm_history(task_id, channel_id, trigger_time, trigger_type, trigger_value, threshold_value, message, is_success, error_message) VALUES(?, ?, ?, ?, ?, ?, ?, ?, ?)
2025-12-29 10:10:00.359 DEBUG [N/A] [ServerMonitorJob-10] c.m.b.m.AlarmHistoryMapper.insert - ==> Parameters: 3(Long), 4(Long), 2025-12-29T10:10:00.358470(LocalDateTime), THRESHOLD(String), 54.0(Double), 50.0(Double), > 服务名：**磁盘使用率 [本机测试]**
> IP：**127.0.0.1**
> 内容：磁盘${path}使用率54.00%，超过阈值***50.00%***(String), 1(Integer), null
2025-12-29 10:10:00.367 DEBUG [N/A] [ServerMonitorJob-10] c.m.b.m.AlarmHistoryMapper.insert - <==    Updates: 1
2025-12-29 10:10:00.368 DEBUG [N/A] [ServerMonitorJob-10] c.m.b.m.AlarmChannelMapper.findById - ==>  Preparing: SELECT id, name, type, config, is_active, create_time, update_time FROM alarm_channel WHERE id = ?
2025-12-29 10:10:00.368 DEBUG [N/A] [ServerMonitorJob-10] c.m.b.m.AlarmChannelMapper.findById - ==> Parameters: 3(Long)
2025-12-29 10:10:00.370 DEBUG [N/A] [ServerMonitorJob-10] c.m.b.m.AlarmChannelMapper.findById - <==      Total: 1
2025-12-29 10:10:00.371 DEBUG [N/A] [ServerMonitorJob-10] c.m.b.m.AlarmTemplateMapper.findById - ==>  Preparing: SELECT id, name, subject, content, content_type, is_default, create_time, update_time FROM alarm_template WHERE id = ?
2025-12-29 10:10:00.371 DEBUG [N/A] [ServerMonitorJob-10] c.m.b.m.AlarmTemplateMapper.findById - ==> Parameters: 20(Long)
2025-12-29 10:10:00.372 DEBUG [N/A] [ServerMonitorJob-10] c.m.b.m.AlarmTemplateMapper.findById - <==      Total: 1
2025-12-29 10:10:00.457 INFO  [N/A] [ServerMonitorJob-5] c.m.b.service.SshExecutorService - SSH session connected to syiptv@192.168.3.20
2025-12-29 10:10:00.617 INFO  [N/A] [ServerMonitorJob-10] c.m.b.a.sender.DingTalkAlarmSender - 钉钉告警发送成功: taskName=磁盘使用率 [本机测试]
2025-12-29 10:10:00.618 DEBUG [N/A] [ServerMonitorJob-10] c.m.b.m.AlarmHistoryMapper.insert - ==>  Preparing: INSERT INTO alarm_history(task_id, channel_id, trigger_time, trigger_type, trigger_value, threshold_value, message, is_success, error_message) VALUES(?, ?, ?, ?, ?, ?, ?, ?, ?)
2025-12-29 10:10:00.619 DEBUG [N/A] [ServerMonitorJob-10] c.m.b.m.AlarmHistoryMapper.insert - ==> Parameters: 3(Long), 3(Long), 2025-12-29T10:10:00.618369(LocalDateTime), THRESHOLD(String), 54.0(Double), 50.0(Double), > 服务名：**磁盘使用率 [本机测试]**
> IP：**127.0.0.1**
> 内容：磁盘${path}使用率54.00%，超过阈值***50.00%***(String), 1(Integer), null
2025-12-29 10:10:00.629 DEBUG [N/A] [ServerMonitorJob-10] c.m.b.m.AlarmHistoryMapper.insert - <==    Updates: 1
2025-12-29 10:10:00.629 DEBUG [N/A] [ServerMonitorJob-10] c.m.b.m.AlarmChannelMapper.findById - ==>  Preparing: SELECT id, name, type, config, is_active, create_time, update_time FROM alarm_channel WHERE id = ?
2025-12-29 10:10:00.629 DEBUG [N/A] [ServerMonitorJob-10] c.m.b.m.AlarmChannelMapper.findById - ==> Parameters: 2(Long)
2025-12-29 10:10:00.630 DEBUG [N/A] [ServerMonitorJob-10] c.m.b.m.AlarmChannelMapper.findById - <==      Total: 1
2025-12-29 10:10:00.630 DEBUG [N/A] [ServerMonitorJob-10] c.m.b.m.AlarmTemplateMapper.findById - ==>  Preparing: SELECT id, name, subject, content, content_type, is_default, create_time, update_time FROM alarm_template WHERE id = ?
2025-12-29 10:10:00.630 DEBUG [N/A] [ServerMonitorJob-10] c.m.b.m.AlarmTemplateMapper.findById - ==> Parameters: 20(Long)
2025-12-29 10:10:00.631 DEBUG [N/A] [ServerMonitorJob-10] c.m.b.m.AlarmTemplateMapper.findById - <==      Total: 1
2025-12-29 10:10:00.641 DEBUG [N/A] [ServerMonitorJob-5] c.m.b.service.SshExecutorService - SSH session disconnected
2025-12-29 10:10:00.643 DEBUG [N/A] [ServerMonitorJob-5] c.m.b.m.S.updateRunStatus - ==>  Preparing: UPDATE server_monitor_task SET last_run_time = ?, last_run_status = ?, last_run_value = ? WHERE id = ?
2025-12-29 10:10:00.643 DEBUG [N/A] [ServerMonitorJob-5] c.m.b.m.S.updateRunStatus - ==> Parameters: 2025-12-29T10:10:00.641646(LocalDateTime), SUCCESS(String), 68(String), 8(Long)
2025-12-29 10:10:00.649 DEBUG [N/A] [ServerMonitorJob-5] c.m.b.m.S.updateRunStatus - <==    Updates: 1
2025-12-29 10:10:00.649 DEBUG [N/A] [ServerMonitorJob-5] c.m.b.m.A.findByTaskAndType - ==>  Preparing: SELECT id, task_id, task_type, trigger_type, trigger_value, threshold_value, first_trigger_time, last_trigger_time, trigger_count, status, level, acknowledge_by, acknowledge_time, resolve_time, suppressed_until, message, create_time, update_time FROM alarm_active WHERE task_id = ? AND task_type = ? AND status != 'RESOLVED' LIMIT 1
2025-12-29 10:10:00.649 DEBUG [N/A] [ServerMonitorJob-5] c.m.b.m.A.findByTaskAndType - ==> Parameters: 8(Long), SERVER_MONITOR(String)
2025-12-29 10:10:00.650 DEBUG [N/A] [ServerMonitorJob-5] c.m.b.m.A.findByTaskAndType - <==      Total: 0
2025-12-29 10:10:00.650 INFO  [N/A] [ServerMonitorJob-5] c.m.b.s.ServerMonitorTaskScheduler - 服务器监控任务执行成功: 内存使用率 = 68
2025-12-29 10:10:01.654 INFO  [N/A] [ServerMonitorJob-10] c.m.b.alarm.sender.EmailAlarmSender - 邮件告警发送成功: to=yuxc.gm@gmail.com, subject=【告警】磁盘使用率 [本机测试]
2025-12-29 10:10:01.658 DEBUG [N/A] [ServerMonitorJob-10] c.m.b.m.AlarmHistoryMapper.insert - ==>  Preparing: INSERT INTO alarm_history(task_id, channel_id, trigger_time, trigger_type, trigger_value, threshold_value, message, is_success, error_message) VALUES(?, ?, ?, ?, ?, ?, ?, ?, ?)
2025-12-29 10:10:01.661 DEBUG [N/A] [ServerMonitorJob-10] c.m.b.m.AlarmHistoryMapper.insert - ==> Parameters: 3(Long), 2(Long), 2025-12-29T10:10:01.654839(LocalDateTime), THRESHOLD(String), 54.0(Double), 50.0(Double), > 服务名：**磁盘使用率 [本机测试]**
> IP：**127.0.0.1**
> 内容：磁盘${path}使用率54.00%，超过阈值***50.00%***(String), 1(Integer), null
2025-12-29 10:10:01.666 DEBUG [N/A] [ServerMonitorJob-10] c.m.b.m.AlarmHistoryMapper.insert - <==    Updates: 1
2025-12-29 10:10:01.667 DEBUG [N/A] [ServerMonitorJob-10] c.m.b.m.AlarmChannelMapper.findById - ==>  Preparing: SELECT id, name, type, config, is_active, create_time, update_time FROM alarm_channel WHERE id = ?
2025-12-29 10:10:01.667 DEBUG [N/A] [ServerMonitorJob-10] c.m.b.m.AlarmChannelMapper.findById - ==> Parameters: 1(Long)
2025-12-29 10:10:01.668 DEBUG [N/A] [ServerMonitorJob-10] c.m.b.m.AlarmChannelMapper.findById - <==      Total: 1
2025-12-29 10:10:01.668 DEBUG [N/A] [ServerMonitorJob-10] c.m.b.m.AlarmTemplateMapper.findById - ==>  Preparing: SELECT id, name, subject, content, content_type, is_default, create_time, update_time FROM alarm_template WHERE id = ?
2025-12-29 10:10:01.668 DEBUG [N/A] [ServerMonitorJob-10] c.m.b.m.AlarmTemplateMapper.findById - ==> Parameters: 20(Long)
2025-12-29 10:10:01.668 DEBUG [N/A] [ServerMonitorJob-10] c.m.b.m.AlarmTemplateMapper.findById - <==      Total: 1
2025-12-29 10:10:01.668 INFO  [N/A] [ServerMonitorJob-10] c.m.b.a.s.AnnouncementAlarmSender - 系统公告通道准备就绪: taskName=磁盘使用率 [本机测试]
2025-12-29 10:10:01.669 DEBUG [N/A] [ServerMonitorJob-10] c.m.b.m.AlarmHistoryMapper.insert - ==>  Preparing: INSERT INTO alarm_history(task_id, channel_id, trigger_time, trigger_type, trigger_value, threshold_value, message, is_success, error_message) VALUES(?, ?, ?, ?, ?, ?, ?, ?, ?)
2025-12-29 10:10:01.669 DEBUG [N/A] [ServerMonitorJob-10] c.m.b.m.AlarmHistoryMapper.insert - ==> Parameters: 3(Long), 1(Long), 2025-12-29T10:10:01.668995(LocalDateTime), THRESHOLD(String), 54.0(Double), 50.0(Double), > 服务名：**磁盘使用率 [本机测试]**
> IP：**127.0.0.1**
> 内容：磁盘${path}使用率54.00%，超过阈值***50.00%***(String), 1(Integer), null
2025-12-29 10:10:01.675 DEBUG [N/A] [ServerMonitorJob-10] c.m.b.m.AlarmHistoryMapper.insert - <==    Updates: 1
2025-12-29 10:10:01.676 INFO  [N/A] [ServerMonitorJob-10] c.m.b.s.ServerMonitorTaskScheduler - 服务器监控任务执行成功: 磁盘使用率 = 54
2025-12-29 10:10:40.452 DEBUG [N/A] [MessageBroker-3] c.m.b.m.A.findNeedEscalation - ==>  Preparing: SELECT id, task_id, task_type, trigger_type, trigger_value, threshold_value, first_trigger_time, last_trigger_time, trigger_count, status, level, acknowledge_by, acknowledge_time, resolve_time, suppressed_until, message, create_time, update_time FROM alarm_active WHERE status = 'FIRING' AND TIMESTAMPDIFF(MINUTE, first_trigger_time, NOW()) >= ? ORDER BY first_trigger_time ASC
2025-12-29 10:10:40.453 DEBUG [N/A] [MessageBroker-3] c.m.b.m.A.findNeedEscalation - ==> Parameters: 30(Integer)
2025-12-29 10:10:40.460 DEBUG [N/A] [MessageBroker-3] c.m.b.m.A.findNeedEscalation - <==      Total: 1
2025-12-29 10:10:40.460 DEBUG [N/A] [MessageBroker-8] c.m.b.s.PerformanceMetricsService - Job workflowDataExtractionJob 当前运行数: 0
2025-12-29 10:11:40.448 DEBUG [N/A] [MessageBroker-6] c.m.b.m.A.findNeedEscalation - ==>  Preparing: SELECT id, task_id, task_type, trigger_type, trigger_value, threshold_value, first_trigger_time, last_trigger_time, trigger_count, status, level, acknowledge_by, acknowledge_time, resolve_time, suppressed_until, message, create_time, update_time FROM alarm_active WHERE status = 'FIRING' AND TIMESTAMPDIFF(MINUTE, first_trigger_time, NOW()) >= ? ORDER BY first_trigger_time ASC
2025-12-29 10:11:40.453 DEBUG [N/A] [MessageBroker-6] c.m.b.m.A.findNeedEscalation - ==> Parameters: 30(Integer)
2025-12-29 10:11:40.461 DEBUG [N/A] [MessageBroker-6] c.m.b.m.A.findNeedEscalation - <==      Total: 1
2025-12-29 10:11:40.462 DEBUG [N/A] [MessageBroker-2] c.m.b.s.PerformanceMetricsService - Job workflowDataExtractionJob 当前运行数: 0
2025-12-29 10:12:40.443 DEBUG [N/A] [MessageBroker-4] c.m.b.m.A.findNeedEscalation - ==>  Preparing: SELECT id, task_id, task_type, trigger_type, trigger_value, threshold_value, first_trigger_time, last_trigger_time, trigger_count, status, level, acknowledge_by, acknowledge_time, resolve_time, suppressed_until, message, create_time, update_time FROM alarm_active WHERE status = 'FIRING' AND TIMESTAMPDIFF(MINUTE, first_trigger_time, NOW()) >= ? ORDER BY first_trigger_time ASC
2025-12-29 10:12:40.444 DEBUG [N/A] [MessageBroker-4] c.m.b.m.A.findNeedEscalation - ==> Parameters: 30(Integer)
2025-12-29 10:12:40.451 DEBUG [N/A] [MessageBroker-4] c.m.b.m.A.findNeedEscalation - <==      Total: 1
2025-12-29 10:12:40.452 DEBUG [N/A] [MessageBroker-9] c.m.b.s.PerformanceMetricsService - Job workflowDataExtractionJob 当前运行数: 0
2025-12-29 10:13:40.442 DEBUG [N/A] [MessageBroker-7] c.m.b.m.A.findNeedEscalation - ==>  Preparing: SELECT id, task_id, task_type, trigger_type, trigger_value, threshold_value, first_trigger_time, last_trigger_time, trigger_count, status, level, acknowledge_by, acknowledge_time, resolve_time, suppressed_until, message, create_time, update_time FROM alarm_active WHERE status = 'FIRING' AND TIMESTAMPDIFF(MINUTE, first_trigger_time, NOW()) >= ? ORDER BY first_trigger_time ASC
2025-12-29 10:13:40.443 DEBUG [N/A] [MessageBroker-7] c.m.b.m.A.findNeedEscalation - ==> Parameters: 30(Integer)
2025-12-29 10:13:40.451 DEBUG [N/A] [MessageBroker-7] c.m.b.m.A.findNeedEscalation - <==      Total: 1
2025-12-29 10:13:40.452 DEBUG [N/A] [MessageBroker-9] c.m.b.s.PerformanceMetricsService - Job workflowDataExtractionJob 当前运行数: 0
2025-12-29 10:13:46.225 DEBUG [N/A] [SpringApplicationShutdownHook] org.springframework.web.SimpLogging - clientOutboundChannel removed SubProtocolWebSocketHandler[StompSubProtocolHandler[v10.stomp, v11.stomp, v12.stomp]]
2025-12-29 10:13:46.226 DEBUG [N/A] [SpringApplicationShutdownHook] o.s.w.s.s.t.s.WebSocketServerSockJsSession - Closing SockJS session fxed2go2 with CloseStatus[code=1001, reason=null]
2025-12-29 10:13:46.226 DEBUG [N/A] [SpringApplicationShutdownHook] o.s.w.s.a.NativeWebSocketSession - Closing StandardWebSocketSession[id=ad590c11-b311-ef93-9fc0-6b4682e3c3d7, uri=ws://localhost:8080/api/ws/576/fxed2go2/websocket]
2025-12-29 10:13:46.226 DEBUG [N/A] [SpringApplicationShutdownHook] o.s.w.s.h.LoggingWebSocketHandlerDecorator - WebSocketServerSockJsSession[id=fxed2go2] closed with CloseStatus[code=1001, reason=null]
2025-12-29 10:13:46.226 DEBUG [N/A] [SpringApplicationShutdownHook] o.s.w.s.m.SubProtocolWebSocketHandler - Clearing session fxed2go2
2025-12-29 10:13:46.228 DEBUG [N/A] [SpringApplicationShutdownHook] org.springframework.web.SimpLogging - Detected unsent DISCONNECT message. Processing anyway.
2025-12-29 10:13:46.228 DEBUG [N/A] [SpringApplicationShutdownHook] org.springframework.web.SimpLogging - Processing DISCONNECT session=fxed2go2
2025-12-29 10:13:46.229 WARN  [N/A] [SpringApplicationShutdownHook] o.s.w.s.h.ExceptionWebSocketHandlerDecorator - Unhandled exception after connection closed for ExceptionWebSocketHandlerDecorator [delegate=LoggingWebSocketHandlerDecorator [delegate=SubProtocolWebSocketHandler[StompSubProtocolHandler[v10.stomp, v11.stomp, v12.stomp]]]]
org.springframework.messaging.MessageDeliveryException: Failed to send message to ExecutorSubscribableChannel[clientInboundChannel]
	at org.springframework.messaging.support.AbstractMessageChannel.send(AbstractMessageChannel.java:149)
	at org.springframework.messaging.support.AbstractMessageChannel.send(AbstractMessageChannel.java:125)
	at org.springframework.web.socket.messaging.StompSubProtocolHandler.afterSessionEnded(StompSubProtocolHandler.java:685)
	at org.springframework.web.socket.messaging.SubProtocolWebSocketHandler.clearSession(SubProtocolWebSocketHandler.java:531)
	at org.springframework.web.socket.messaging.SubProtocolWebSocketHandler.afterConnectionClosed(SubProtocolWebSocketHandler.java:400)
	at org.springframework.web.socket.handler.WebSocketHandlerDecorator.afterConnectionClosed(WebSocketHandlerDecorator.java:85)
	at org.springframework.web.socket.handler.LoggingWebSocketHandlerDecorator.afterConnectionClosed(LoggingWebSocketHandlerDecorator.java:72)
	at org.springframework.web.socket.handler.ExceptionWebSocketHandlerDecorator.afterConnectionClosed(ExceptionWebSocketHandlerDecorator.java:78)
	at org.springframework.web.socket.sockjs.transport.session.AbstractSockJsSession.close(AbstractSockJsSession.java:200)
	at org.springframework.web.socket.handler.WebSocketSessionDecorator.close(WebSocketSessionDecorator.java:160)
	at org.springframework.web.socket.handler.ConcurrentWebSocketSessionDecorator.close(ConcurrentWebSocketSessionDecorator.java:271)
	at org.springframework.web.socket.messaging.SubProtocolWebSocketHandler.stop(SubProtocolWebSocketHandler.java:289)
	at org.springframework.web.socket.messaging.SubProtocolWebSocketHandler.stop(SubProtocolWebSocketHandler.java:302)
	at org.springframework.context.support.DefaultLifecycleProcessor.doStop(DefaultLifecycleProcessor.java:344)
	at org.springframework.context.support.DefaultLifecycleProcessor$LifecycleGroup.stop(DefaultLifecycleProcessor.java:483)
	at java.base/java.lang.Iterable.forEach(Iterable.java:75)
	at org.springframework.context.support.DefaultLifecycleProcessor.stopBeans(DefaultLifecycleProcessor.java:313)
	at org.springframework.context.support.DefaultLifecycleProcessor.onClose(DefaultLifecycleProcessor.java:214)
	at org.springframework.context.support.AbstractApplicationContext.doClose(AbstractApplicationContext.java:1137)
	at org.springframework.boot.web.servlet.context.ServletWebServerApplicationContext.doClose(ServletWebServerApplicationContext.java:174)
	at org.springframework.context.support.AbstractApplicationContext.close(AbstractApplicationContext.java:1091)
	at org.springframework.boot.SpringApplicationShutdownHook.closeAndWait(SpringApplicationShutdownHook.java:145)
	at java.base/java.lang.Iterable.forEach(Iterable.java:75)
	at org.springframework.boot.SpringApplicationShutdownHook.run(SpringApplicationShutdownHook.java:114)
	at java.base/java.lang.Thread.run(Thread.java:840)
Caused by: org.springframework.core.task.TaskRejectedException: ExecutorService in shutdown state did not accept task: org.springframework.messaging.support.ExecutorSubscribableChannel$SendTask@7336659f
	at org.springframework.scheduling.concurrent.ThreadPoolTaskExecutor.execute(ThreadPoolTaskExecutor.java:365)
	at org.springframework.messaging.support.ExecutorSubscribableChannel.sendInternal(ExecutorSubscribableChannel.java:103)
	at org.springframework.messaging.support.AbstractMessageChannel.send(AbstractMessageChannel.java:139)
	... 24 common frames omitted
Caused by: java.util.concurrent.RejectedExecutionException: Task org.springframework.messaging.support.ExecutorSubscribableChannel$SendTask@7336659f rejected from org.springframework.scheduling.concurrent.ThreadPoolTaskExecutor$1@5745ac54[Terminated, pool size = 0, active threads = 0, queued tasks = 0, completed tasks = 15]
	at java.base/java.util.concurrent.ThreadPoolExecutor$AbortPolicy.rejectedExecution(ThreadPoolExecutor.java:2065)
	at java.base/java.util.concurrent.ThreadPoolExecutor.reject(ThreadPoolExecutor.java:833)
	at java.base/java.util.concurrent.ThreadPoolExecutor.execute(ThreadPoolExecutor.java:1365)
	at org.springframework.scheduling.concurrent.ThreadPoolTaskExecutor$1.execute(ThreadPoolTaskExecutor.java:269)
	at org.springframework.scheduling.concurrent.ThreadPoolTaskExecutor.execute(ThreadPoolTaskExecutor.java:362)
	... 26 common frames omitted
2025-12-29 10:13:46.234 DEBUG [N/A] [SpringApplicationShutdownHook] org.springframework.web.SimpLogging - clientInboundChannel removed WebSocketAnnotationMethodMessageHandler[prefixes=[/app/]]
2025-12-29 10:13:46.234 INFO  [N/A] [SpringApplicationShutdownHook] o.s.m.s.b.SimpleBrokerMessageHandler - Stopping...
2025-12-29 10:13:46.234 INFO  [N/A] [SpringApplicationShutdownHook] o.s.m.s.b.SimpleBrokerMessageHandler - BrokerAvailabilityEvent[available=false, SimpleBrokerMessageHandler [org.springframework.messaging.simp.broker.DefaultSubscriptionRegistry@1267f832]]
2025-12-29 10:13:46.234 DEBUG [N/A] [SpringApplicationShutdownHook] org.springframework.web.SimpLogging - clientInboundChannel removed SimpleBrokerMessageHandler [org.springframework.messaging.simp.broker.DefaultSubscriptionRegistry@1267f832]
2025-12-29 10:13:46.234 DEBUG [N/A] [SpringApplicationShutdownHook] org.springframework.web.SimpLogging - brokerChannel removed SimpleBrokerMessageHandler [org.springframework.messaging.simp.broker.DefaultSubscriptionRegistry@1267f832]
2025-12-29 10:13:46.235 INFO  [N/A] [SpringApplicationShutdownHook] o.s.m.s.b.SimpleBrokerMessageHandler - Stopped.
2025-12-29 10:13:46.235 DEBUG [N/A] [SpringApplicationShutdownHook] org.springframework.web.SimpLogging - clientInboundChannel removed UserDestinationMessageHandler[DefaultUserDestinationResolver[prefix=/user/]]
2025-12-29 10:13:46.235 DEBUG [N/A] [SpringApplicationShutdownHook] org.springframework.web.SimpLogging - brokerChannel removed UserDestinationMessageHandler[DefaultUserDestinationResolver[prefix=/user/]]
2025-12-29 10:13:46.235 INFO  [N/A] [SpringApplicationShutdownHook] org.quartz.core.QuartzScheduler - Scheduler quartzScheduler_$_NON_CLUSTERED paused.
2025-12-29 10:13:46.266 INFO  [N/A] [SpringApplicationShutdownHook] o.s.s.quartz.SchedulerFactoryBean - Shutting down Quartz Scheduler
2025-12-29 10:13:46.266 INFO  [N/A] [SpringApplicationShutdownHook] org.quartz.core.QuartzScheduler - Scheduler quartzScheduler_$_NON_CLUSTERED shutting down.
2025-12-29 10:13:46.266 INFO  [N/A] [SpringApplicationShutdownHook] org.quartz.core.QuartzScheduler - Scheduler quartzScheduler_$_NON_CLUSTERED paused.
2025-12-29 10:13:46.266 INFO  [N/A] [SpringApplicationShutdownHook] org.quartz.core.QuartzScheduler - Scheduler quartzScheduler_$_NON_CLUSTERED shutdown complete.
2025-12-29 10:13:46.279 INFO  [N/A] [SpringApplicationShutdownHook] com.zaxxer.hikari.HikariDataSource - HikariPool-1 - Shutdown initiated...
2025-12-29 10:13:46.297 INFO  [N/A] [SpringApplicationShutdownHook] com.zaxxer.hikari.HikariDataSource - HikariPool-1 - Shutdown completed.
